driverId,name,ssn,location,certified,wage-plan
10,Jessica Lyons,793-84-6269,"55878 Nicholas Manors Apt. 637
New Kimberly, IA 08812",N,hours
11,Matthew Fletcher DDS,341-90-3779,"617 Campbell Plain Suite 190
New Lisa, WA 23682",N,miles
12,David Meyer,725-63-2599,"184 Walker Port Suite 009
South Cristina, WI 46690",N,hours
13,Nicholas Neal,353-42-3436,"47479 Sandra Neck Suite 951
Markberg, MT 68659",Y,hours
14,David King,720-74-3384,"633 Arellano Land
North Shannonburgh, MI 10375",Y,hours
15,Lacey Gutierrez,286-07-7361,"883 Smith Summit Apt. 721
Michaelborough, DC 56625",Y,miles
16,Vincent Mosley,519-18-5418,"1658 Riley Ramp
Wilsonhaven, MN 30000",Y,hours
17,Alicia Gilbert,614-54-9311,"813 Mitchell Street
Lake Michael, MP 08778",Y,miles
18,Sergio Torres,790-26-4354,"68151 James Plaza Suite 510
Port James, CO 36445",Y,hours
19,Joseph Jackson,757-81-3723,"6698 Michael Estates Suite 756
Waltonfurt, WV 86017",Y,hours
20,April King,404-40-6513,"58991 Joel Forges Apt. 157
New Matthew, WA 31908",N,hours
21,James Mason,819-21-0652,"67692 Dana Union Suite 023
Richardton, KS 42045",N,hours
22,Rachel Dunn,407-49-5361,"5381 Rios Lights Apt. 026
Robinsonview, DC 31950",N,hours
23,Patrick Johnson,802-19-5721,"535 Jennifer Centers Apt. 158
North Jason, AL 24633",N,miles
24,Anita Hicks,810-94-1087,"54244 Walker Cliff Apt. 818
Robertsonside, PW 21420",Y,hours
25,Mark Simmons,886-71-7803,"4241 Johnston Ridges Apt. 189
North Rebeccashire, MA 13280",N,hours
26,Jennifer Crawford,341-72-4474,"44703 Victoria Lodge
Cathyside, AK 34941",N,miles
27,Terri Gonzalez,035-12-0105,"7869 Mikayla Turnpike
Ruizstad, CT 62821",Y,miles
28,Angela Yoder,114-04-7964,"8763 Thomas Courts Suite 862
Jillside, UT 71883",N,miles
29,Barbara Williams,883-41-3202,"08437 Julia Row Suite 847
North Ryan, VT 13268",N,hours
30,Ryan Mcdaniel,645-05-9179,"773 Rodgers Green Apt. 496
Jasonbury, MH 17951",N,miles
31,Marie Ferguson DVM,751-81-7026,"2470 Anna Spring
Ashleytown, TN 48661",N,miles
32,Matthew Hill,839-94-3980,"Unit 8707 Box 9417
DPO AA 79829",Y,hours
33,Cameron Stephens,062-13-8138,"991 Eaton Mill Apt. 591
Port Chelsea, DC 14075",N,hours
34,Alexis Andrews,659-08-6133,"576 Gray Estates Suite 349
New Emilybury, FL 03587",N,hours
35,William Jacobson,204-97-6442,"649 Henderson Coves Suite 716
New Jason, LA 08933",Y,hours
36,Nathan Arellano,320-68-0953,"1458 Chad Run
East Jenniferhaven, GU 61193",Y,hours
37,Patrick Dean,088-85-0470,"6695 Jerry Keys Apt. 714
Crystalhaven, TX 54855",Y,hours
38,William Anderson,113-93-8205,"39526 Chapman Isle
West Kaitlynborough, PA 53947",Y,hours
39,Alan Burton,639-89-6677,"44854 Burke Extension
Lake Sarah, OK 10652",Y,hours
40,Lisa Thompson,816-71-1457,"9234 Johnson Wells
West Sarahfurt, SC 04216",N,miles
41,Rachel Ross,767-10-2317,"499 Michelle Run
Lake Paultown, OR 30135",Y,hours
42,Marissa Roberts,692-30-8409,"8859 Williams Keys Apt. 019
New Linda, NV 34126",N,hours
43,Sydney Bell,500-40-6229,"780 Angela Junction
Allenshire, MN 58803",N,miles
44,Scott Gibson,639-74-6990,"1602 Bryant Knolls
Jameschester, OH 41234",Y,miles
45,Adam Rodriguez,667-40-1434,"347 Amber Key Suite 607
Hullberg, MH 34110",Y,miles
46,Kathryn Wells,776-60-8417,"04918 Hannah Fort
Troymouth, OR 10435",Y,hours
47,Robert Mcclain,266-51-5812,"789 Caitlin Dam Apt. 203
Harperberg, NH 65857",Y,miles
48,Kimberly Taylor,777-18-4545,"1207 Wilson Isle
Hardingburgh, NM 51628",N,miles
49,Jason Boone,459-06-1288,"7706 Patricia Turnpike
Aprilton, DE 97520",N,hours
50,Marc Mason,893-30-3772,"019 Payne Crossing
Stephanieshire, MT 65019",Y,miles
51,Mrs. Rachael Bennett DVM,355-51-2887,"289 Stacey Circles
Hallside, PR 85922",Y,hours
52,David Carter,690-83-3723,"80229 Hart Station Suite 912
Joshuachester, MA 26888",Y,hours
53,Michael Rodriguez,496-06-2347,"397 Pierce Common
West Robinton, TX 08847",Y,miles
54,Paul Bauer,588-86-0072,"19533 Jason Vista Apt. 083
South Alexis, LA 55513",N,miles
55,Andrew Smith,816-08-2901,"16119 Christopher Summit
Sarahside, LA 64609",N,miles
56,Miranda Ruiz,629-73-9622,"2312 Cory Harbor
East Suzanne, OK 71276",N,hours
57,Summer Cobb,594-18-1169,"81752 Susan Union Apt. 682
North Jeremyland, AZ 05103",Y,miles
58,Mr. Richard Smith,647-48-1846,"10111 Bailey Spurs
Leeview, MN 29404",N,miles
59,Marc Scott,284-58-2512,"7401 Bullock Glens Suite 035
Monicaport, WV 55778",N,miles
60,Melissa Moore,608-19-7047,"011 Carter Keys Apt. 983
West Patriciabury, WV 56818",Y,hours
61,Jane Sims,619-74-4372,"3382 Fuller Village Apt. 202
West Karen, WV 54677",N,hours
62,Julie Clements,347-21-9001,"168 Hughes Ferry Apt. 852
South Cheryl, GA 70470",N,hours
63,Dawn Baker,485-31-0531,"99629 Jenny Estate
Port Jessicabury, SD 65203",N,hours
64,Denise Vega,782-17-0959,"485 Ronnie Hill Suite 949
North Carlos, LA 06123",N,hours
65,Deanna Cook,665-41-4906,"Unit 3321 Box 4238
DPO AA 24770",Y,miles
66,Traci Barnes,539-59-1049,"953 Mccarthy Summit
West Dawn, ND 56489",N,miles
67,John Mora,153-19-9493,"7117 Kelly Walk Suite 032
Davidville, VT 83559",Y,hours
68,Lydia Love,489-07-9146,"598 Porter Union Apt. 307
Port Mollystad, VI 89890",Y,miles
69,Wendy Garcia,595-58-4126,"01234 Claudia Summit
Mauricestad, PR 02004",Y,hours
70,Karina Sparks,422-63-9372,"866 Bright Manor Apt. 986
West Mary, ME 57727",Y,hours
71,Darren Jones DDS,410-89-0725,"42353 Russell Harbors
New Jonathanborough, MP 67421",N,hours
72,Jose Reed,483-95-3192,"69093 Melissa Mountains
Jackton, ND 20660",N,hours
73,Shawn Wilson,286-17-9962,"Unit 9489 Box 4813
DPO AE 41965",Y,miles
74,Christina Brown,752-17-2883,"6380 John Trafficway Apt. 938
Clarkport, MS 43427",N,miles
75,Kyle Taylor,821-01-3286,"PSC 4321, Box 8415
APO AA 42234",Y,hours
76,Anne Butler,336-54-5975,"403 Murphy Valley Apt. 726
Annatown, AR 80660",N,hours
77,Samantha Santana,677-95-1484,"7859 Richard Route Suite 748
East Jamestown, CA 48552",Y,miles
78,Mr. John Carter,343-01-0205,"Unit 4429 Box 5967
DPO AP 94391",N,hours
79,Charles Brandt,817-29-3530,"50011 Carla Haven
Michaelmouth, SD 73131",N,hours
80,Peter Smith,708-87-8217,"145 Owens Inlet Suite 324
South Derekhaven, UT 08964",Y,miles
81,Katherine Torres,541-73-6777,"5602 Jennifer Plaza
Julieburgh, NY 12561",N,hours
82,Cheryl Ortega,547-36-3954,"25737 Davis Village
Tammymouth, MP 18143",N,hours
83,John Dickerson,050-89-3831,"52646 Pugh Motorway Suite 226
Lake Julie, ND 10221",N,miles
84,Michelle Kirby,188-16-1148,"63169 Dillon Club Suite 357
Charlesfurt, MP 21311",Y,miles
85,Emma Wilson,435-50-0648,"25986 Joseph Rest Apt. 442
Gilesshire, MH 79599",Y,miles
86,Wendy Johnson,299-08-0095,"4124 Davis Canyon Suite 575
Matthewport, NH 27455",Y,miles
87,Tiffany Porter,832-28-5115,"81613 Raymond Rapids
North Jared, ID 18669",Y,hours
88,Julie Green,579-50-8393,"USNS Brown
FPO AA 65659",N,miles
89,Anna Burton,258-86-9211,"728 Smith Camp Suite 888
Lucasberg, MN 77356",N,miles
90,Brittany Johnson,239-84-2957,"7692 Linda Manor Apt. 690
New Brianstad, NC 82509",N,hours
91,Dawn James,247-55-2501,"331 Denise Station Suite 539
Brianbury, MA 09539",N,hours
92,Mr. Tristan Griffin,656-52-0391,"709 Smith Route
East Charles, NV 49168",Y,miles
93,Megan Wolf,405-19-3614,"4422 Sarah Prairie
South Seanmouth, IL 61367",Y,miles
94,Raven Bauer,483-47-6728,"04454 Beth Knolls Apt. 673
Jasonchester, PW 20283",N,hours
95,Beth Guerrero,362-23-0068,"873 Scott Street Suite 803
Lake Kennethton, MO 23944",Y,hours
96,Natalie Lee,800-09-9599,"75697 Rice Square Apt. 207
Evanshaven, PR 57916",N,miles
97,Michael Henderson,029-18-9945,"051 Karen Road Apt. 511
Jonesport, SD 15488",N,miles
98,Terry Murillo,231-34-2760,"1844 Mark Gardens
Wintersfort, VA 39037",N,miles
99,Brandon Roberts,760-27-7909,"Unit 0662 Box 0580
DPO AP 22845",Y,miles
100,Morgan Mccormick,480-25-1238,"318 Jamie Field
East Kevin, VT 80762",Y,miles
101,Tonya Ray,241-26-8869,"3408 David Locks
East James, FM 36099",Y,hours
102,Anthony Stanley,359-85-0335,"4021 Stacey Lodge
New Alisonchester, NC 82927",Y,miles
103,Amy Ruiz,198-56-5489,"1554 Stewart Loaf
Daniellemouth, PR 80147",Y,miles
104,Alisha Fletcher,301-66-7937,"099 Erickson Mission
Michaelmouth, TX 30715",Y,miles
105,Douglas Watkins,307-66-2720,"7916 Robyn Fields Suite 850
Brownmouth, OR 11521",Y,hours
106,Margaret Sexton,484-09-2574,"8062 Alejandro Drive
Port Jonathan, PA 62359",Y,hours
107,Charles Sanders MD,237-54-8510,"560 Whitehead Shoals Apt. 226
Duncanshire, MD 67630",N,hours
108,Justin Williams,881-42-8550,"904 Garrison Spur Suite 261
North Brianberg, MO 42354",N,hours
109,Brenda Patel,355-57-5477,"596 Morgan Island
Pamelahaven, MO 89588",N,miles
110,Jessica Rowe,461-58-7930,"0963 Roger Port
Mooremouth, WI 65125",Y,miles
111,Stephen Rosario,833-04-7179,"8564 Sandoval Flats Suite 205
South Heatherburgh, NM 23495",Y,miles
112,Travis White,528-64-9349,"USCGC Baker
FPO AA 40659",Y,miles
113,Christina Spencer,104-64-4152,"6806 Maria Route
Carlsonland, IA 88646",Y,miles
114,Christina Mercado,283-98-6296,"23868 Simpson Stravenue Apt. 619
Joyceside, AS 35519",Y,miles
115,Melissa Pearson,217-34-1889,"558 Henry Creek Apt. 492
East Tylerport, IN 04024",Y,hours
116,Peter Nguyen,731-64-5377,"92309 Olson Point
Karishire, UT 36030",N,miles
117,Olivia Odom,193-52-6511,"90976 Black Loop Suite 943
Deleonmouth, MI 76796",Y,hours
118,Christopher Ware,177-56-4958,"5503 Stevens Station Suite 442
Robbinsview, IA 66703",N,miles
119,Marc Hamilton,286-45-2363,"769 Melinda Tunnel Apt. 386
Susanhaven, CT 84248",N,hours
120,Kevin Mendoza,708-78-7438,"2927 Paula Meadow Suite 378
Port Jamesburgh, ND 03747",N,miles
121,Austin Vega,518-09-6743,"514 Garza Mall Suite 350
East Julia, PW 55048",N,miles
122,Allison Smith,040-54-8918,"12564 Williams Lodge
South Jasonview, FL 45144",N,hours
123,Kimberly Martinez,541-38-2145,"03700 Ana Landing Apt. 240
East Yolandaton, RI 53587",N,miles
124,Ian Anderson,779-81-9080,"1806 Jordan Harbor
Stevenberg, GU 68708",Y,miles
125,Jennifer Fields,768-47-4910,"035 Lawson Place Apt. 497
East Erikashire, NH 46020",N,miles
126,Jessica Ross,169-19-4093,"92481 Mcgrath Islands Apt. 743
Wayneland, NY 69409",N,hours
127,Anna Gardner,117-23-8575,"7723 Steven Inlet Suite 030
East Russell, DE 40553",Y,miles
128,Christopher Young,764-11-9532,"17596 Omar Manor
North Nicholastown, FL 69155",Y,hours
129,Mrs. Susan Nguyen,691-13-9583,"66640 Smith Mountains Apt. 558
Kristishire, AL 95580",N,miles
130,Tyrone Schroeder,834-31-2731,"16913 Julia Rue Suite 813
New Phillip, MS 83467",N,hours
131,Janet Smith,735-80-2975,"USS Bishop
FPO AP 44145",N,miles
132,Anita Jacobs,880-10-6424,"Unit 7904 Box 3394
DPO AE 57677",N,hours
133,Kristen Estrada,340-56-9175,"307 Bates Harbor Suite 369
Maryburgh, MD 08405",Y,hours
134,Heather Thompson,063-73-7137,"3244 John Falls
North Maryland, TN 05874",Y,miles
135,Robert Blair,865-82-9460,"612 Jacqueline Road Suite 919
South Christine, UT 45603",Y,miles
136,Kristen Hill,279-13-9886,"023 Savage Creek
Michaelfurt, KS 75209",Y,hours
137,Jacqueline Perez,032-90-6374,"2431 Cook Key Apt. 603
Lucasshire, AR 87572",Y,miles
138,Paul Alexander MD,456-74-1904,"1430 Elizabeth Branch Suite 977
North Jeffery, MD 28174",N,miles
139,Sarah Smith,751-47-3232,"28726 Daniels Crescent Suite 541
New Adamchester, MA 22381",N,hours
140,Michael Miller,473-87-9668,"26069 Dylan Bridge Suite 690
Dustintown, MO 15144",Y,hours
141,Todd Wilson,484-59-6199,"216 Weaver Stream Apt. 915
New Lindatown, MD 17046",Y,miles
142,Caitlyn Bradley,660-89-3220,"44221 Brown Loop
Luceroview, WA 41719",N,miles
143,Diane Smith,401-85-4185,"9370 Stacey Flat Suite 867
Lake Margaret, MI 22348",Y,hours
144,Kristie Ramirez,608-29-7725,"3334 Breanna Locks
Andresport, AS 80444",Y,miles
145,Brandi Moore,209-15-7973,"43226 Foster Glens
Port Cheryl, OH 10735",Y,miles
146,Mr. Matthew Nelson,380-02-8062,"56270 Edward Ports
Andrewton, ND 16444",N,miles
147,Rita Price,137-03-3277,"95817 Mary Well Suite 091
New Jennifer, VA 17600",N,miles
148,Jacob Kim,752-70-6058,"29477 Perez Mountains
Toddberg, AL 01340",N,miles
149,Beth Mcpherson,294-79-8798,"5686 Gina Roads Apt. 629
Noahburgh, KS 84598",Y,miles
150,Sara Ramos,625-20-3748,"68637 Melanie Harbors Apt. 065
Sarahtown, VT 76652",Y,hours
151,Rodney Le MD,809-11-1098,"Unit 4319 Box 9711
DPO AE 44396",Y,hours
152,Jennifer Stone,494-68-1000,"867 Fields Fork
Lake Edwardtown, AK 31750",N,hours
153,Dylan Chen,577-78-9821,"55081 Shawn Alley Suite 416
Freemanborough, DC 30414",Y,miles
154,Frank Scott,025-71-5528,"Unit 7567 Box 1394
DPO AE 02829",N,hours
155,Stephanie Tran,602-45-6718,"PSC 0752, Box 9820
APO AP 43474",N,hours
156,Stacy Hubbard,273-09-3467,"264 Atkinson Club Apt. 009
Snyderhaven, CO 47453",N,miles
157,Tiffany Hughes,497-35-8236,"19031 Keith Center Apt. 162
North Mackenziestad, NJ 85559",Y,miles
158,Amanda Chen,411-02-0521,"60359 Kiara Heights Suite 760
East Joshuaside, DC 12897",Y,miles
159,Melissa Austin,516-23-3942,"65259 Jessica Ville Suite 601
West Manuelburgh, OK 37042",N,hours
160,Brittany Cohen,503-23-3312,"414 Sullivan Land
Colemanbury, KS 55647",N,hours
161,Andrew Moon,871-27-3998,"12978 Paul Mission
West Jessicabury, TX 50261",Y,hours
162,Rebecca Burton,479-65-8322,"552 Ellis Groves
Millerborough, KY 56336",Y,miles
163,Michael James,318-84-7501,"226 Kevin Expressway
Cardenasburgh, IA 73330",N,miles
164,Lisa Lutz,023-78-3306,"601 Lucas Village
East Matthew, SD 94248",Y,hours
165,Andrew Gordon,777-71-5841,"716 Owens Plains
Grayberg, CO 91484",Y,hours
166,Stephanie Horton,758-31-8518,"63383 Meza Road Apt. 286
Mcguiretown, MH 99267",N,miles
167,Mark Mcdaniel,122-24-1488,"8259 Shane Route
West Christinamouth, OK 83642",Y,miles
168,Scott Becker,444-55-8866,"737 Sydney Square
Wadeport, ND 48881",Y,hours
169,Dawn Aguilar,677-69-6619,"PSC 7600, Box 4882
APO AE 30002",N,miles
170,Stefanie Smith,217-60-8524,"2188 Kristen Ridges
Jacksonview, OR 74314",N,hours
171,Jose Nelson,460-10-6776,"1359 Michael Heights Apt. 924
West Aaron, NJ 72660",Y,miles
172,Lisa Fuller,098-53-3333,"Unit 7403 Box 4316
DPO AA 65699",N,hours
173,Tara Gibson,353-55-8621,"USNS Armstrong
FPO AP 01677",Y,miles
174,Samantha Walton,570-21-1211,"64230 Danielle Trace Apt. 469
East Kenneth, HI 51036",N,miles
175,Charles Cole,109-89-2013,"942 Wallace Brooks Suite 498
South Kirsten, IN 37665",N,miles
176,Christine Webb,466-62-0660,"26650 Cantrell Falls Suite 191
Patriciafort, PW 20033",N,miles
177,Erin Dyer,207-44-6725,"6444 James Rue Apt. 232
West Nancyborough, OR 58804",N,hours
178,Stephen Rodriguez,246-16-8576,"8074 Peters Greens
Lisaview, ME 77427",Y,hours
179,Carly Hernandez,022-72-8822,"0113 Stevens Orchard Apt. 084
West Maria, PR 14959",N,hours
180,Sean Rodriguez,739-88-8742,"70819 Clark Drive Suite 268
New Kirsten, OK 69802",Y,miles
181,Miranda Wilson,137-85-0625,"3118 Miller Hollow
Gardnerside, MN 02202",N,hours
182,Brandi Mclaughlin,256-73-5406,"1951 Moreno Terrace
Pughberg, AR 34406",N,miles
183,Mary Fernandez,775-13-9191,"PSC 7228, Box 2548
APO AE 82224",Y,miles
184,Ashley Smith,657-39-7420,"505 Scott Lake
West Holly, AS 89572",Y,miles
185,Erica Diaz,553-22-3343,"9325 Johnson Manor Apt. 875
Port Selenaburgh, GU 94768",N,miles
186,John Smith,154-07-9117,"6624 Medina Meadow Suite 620
Warrenview, DE 80727",N,miles
187,Jennifer Mayer MD,792-12-2976,"732 Lisa Pass
Riggsmouth, FL 57076",N,hours
188,Dominic Kim,151-34-7491,"0819 Tiffany Plains Apt. 998
East Kevinberg, WA 77926",Y,miles
189,Sarah Young,176-05-4716,"665 White Divide Suite 057
Nicholasberg, MS 13982",Y,miles
190,Gary Moran,142-92-0158,"714 Lisa Villages Apt. 443
New Meganstad, AS 83195",N,miles
191,Christopher Lewis,340-49-7848,"147 Judith Crest Apt. 473
Wilkinsside, FL 52396",N,miles
192,Carol Spencer,596-45-6161,"0684 Allison Extensions
Port Scottland, MO 48134",N,hours
193,Jonathon Pope,360-83-9027,"PSC 6715, Box 4383
APO AA 05599",N,hours
194,Christopher Ellis,494-29-6705,"523 Salinas Circles Suite 200
Jacquelineberg, NC 67388",N,miles
195,Nicholas Coleman,282-13-9556,"5069 Garcia Walk Suite 620
North Brittany, MP 74899",N,miles
196,Keith Barrett,363-58-6302,"27152 James Islands Apt. 399
Janetmouth, MI 70587",N,hours
197,Daniel Fry,405-68-1244,"18886 Fox Track
Schwartzhaven, VI 16779",N,miles
198,Julia Mckee,892-66-1857,"93251 William Parkway
New Hollyborough, CO 19572",N,hours
199,Colin Thomas,532-22-5503,"96924 Hughes Burgs
South Annmouth, AR 94609",N,miles
200,Patrick Duran,814-22-0058,"41973 Castillo Squares
Lake Danashire, MA 01689",Y,hours
201,Thomas Davis,622-15-1775,"40614 Ryan Tunnel
Cannonmouth, SD 63465",Y,miles
202,Maria Lin,726-07-2425,"659 Cindy Green
Carrieberg, KY 75977",N,hours
203,Michelle Rodriguez,010-63-1770,"646 Ross Key Suite 402
Lopezchester, IN 24346",N,hours
204,Phillip Lopez,195-21-6133,"Unit 0826 Box 0108
DPO AE 40295",N,miles
205,Anthony Buckley,566-71-8140,"USNS Nolan
FPO AP 31801",Y,miles
206,Kelly Haney,382-55-1332,"5256 Brandon Ways Suite 468
New Crystalview, PW 95148",N,miles
207,Thomas Gutierrez,503-23-6779,"00285 Elizabeth Overpass
New Beverlyburgh, ME 26951",Y,hours
208,Tyler Case,035-27-7899,"708 Castillo Rue Apt. 654
Lake Penny, MA 31904",Y,hours
209,Heather Zhang,831-50-0414,"PSC 2702, Box 7734
APO AA 34353",N,miles
210,Michael Parker,465-30-5475,"84073 Robert Bridge
Port Franciscostad, LA 51385",Y,miles
211,Christopher Mckinney,185-32-8133,"548 Teresa Road Apt. 660
South Sabrinafurt, WY 90904",N,miles
212,Michelle Schmidt,245-16-4819,"103 Cameron Canyon
Jillfurt, WY 62186",N,miles
213,Kevin Jackson,713-79-6183,"15827 Robinson Vista
Lake Andre, CA 59986",N,hours
214,Carlos Brown,136-61-4721,"PSC 8432, Box 1313
APO AP 72770",Y,miles
215,Adrian Oneal,051-82-0717,"8844 Tracy Mount Apt. 263
North Cole, NJ 21936",Y,miles
216,Brian Dixon,701-17-8225,"61284 Flores Field Suite 894
Marshallview, IL 50636",Y,hours
217,Thomas Baird,120-68-5477,"6675 Barker Corner Suite 830
Port Emily, SC 49134",Y,hours
218,Megan Melton,579-75-0738,"6181 Patton Estate
Waynemouth, TX 35984",N,miles
219,Michaela Green,555-30-6875,"37394 Combs Circles
West Christianport, NJ 34219",N,miles
220,Keith Crawford,351-54-8346,"57570 Graves Road Apt. 628
Hamiltonchester, TX 54822",Y,hours
221,Michael Jones,604-91-2908,"334 William Motorway
Freemanstad, AR 07310",Y,miles
222,Terry Baxter,423-14-3277,"4607 Long Ford Apt. 772
Miguelville, NM 23340",N,miles
223,Robert Walters,274-45-0254,"55858 Scott Stream Apt. 366
Barbarafort, NE 54583",Y,hours
224,Michael Sanders,431-17-1587,"5280 Allen Meadows Apt. 041
New Jenniferburgh, VI 53584",N,hours
225,Jasmine Reilly,393-45-1168,"628 Amber Station Suite 753
Lake Eric, AR 18494",N,hours
226,Edgar Ross,667-63-7029,"9535 Branch Bypass Suite 723
Briannaview, CO 62719",Y,hours
227,Angela Jones,840-89-5229,"361 David Fall Apt. 286
Lake Robertshire, TX 54489",Y,miles
228,Louis Fisher,383-73-8391,"638 John Islands Suite 968
Berryshire, UT 82534",N,miles
229,Shawn Neal,579-19-0353,"2290 Ashley Roads Suite 791
Coxburgh, MN 23631",N,miles
230,Raymond Harrison,111-03-4521,"279 Gray Village Suite 445
Port Ericaview, IN 07401",N,hours
231,Elizabeth Watts,553-85-9970,"664 Smith Stream
North Jessica, CA 67311",N,hours
232,Mrs. Bonnie Nguyen,262-28-6337,"34069 Moore Grove Apt. 224
Lake Albert, NJ 49346",N,miles
233,Mr. Joshua Wright,737-80-1445,"3706 Joel Lodge Apt. 564
South Kenneth, MT 64691",N,hours
234,Whitney Brown,344-23-1565,"6044 Cook Corners
Angieburgh, MI 72199",Y,miles
235,Douglas Medina,435-04-0924,"0920 Turner Locks
Hughesport, MT 46905",Y,hours
236,Abigail Armstrong,699-58-4617,"1679 Rachel Pines Suite 735
Port Joshuafort, MD 66494",Y,hours
237,Curtis Velazquez,206-82-7697,"823 Beverly Loaf Suite 406
New Alexander, AZ 60589",Y,miles
238,Paul Richardson,129-30-8935,"00473 Nichols Plains
South Petermouth, NJ 41109",N,hours
239,Jose Stafford,322-88-9219,"Unit 7276 Box 6071
DPO AP 70067",Y,miles
240,John Hogan,685-58-2405,"318 Kari Station Apt. 494
Brianhaven, NM 70931",Y,miles
241,David Davis,475-28-5939,"4604 Moreno Drives Apt. 301
Port Rachaelmouth, DE 81627",Y,miles
242,Jonathan Jenkins,027-38-8025,"05599 Sampson Road Suite 110
Joneshaven, NM 46113",N,hours
243,Tara Campbell,223-42-8132,"002 Emma Street
West Ashleyburgh, KS 48315",Y,hours
244,Charlene Ellis,098-35-6476,"PSC 2434, Box 4362
APO AP 67217",Y,hours
245,Melissa Moreno,270-68-6241,"270 Valerie Mountains Apt. 458
Jeffreymouth, MN 37901",Y,miles
246,Laura Robbins,563-64-1363,"025 Sanchez Highway Apt. 885
Rachelburgh, SD 35122",Y,hours
247,Christopher Wallace,592-05-1953,"284 Dakota Union Suite 670
New Laura, VT 18637",N,miles
248,Danielle Roberts,122-04-4096,"54480 Randall Knolls Apt. 232
Carterside, WY 56686",Y,hours
249,Hannah Bradley,782-17-8750,"5738 Dennis Keys
South Benjaminhaven, MP 48148",Y,hours
250,Kara Jones,883-17-1707,"43345 Kayla Loop
South Jamie, TX 61201",Y,hours
251,Kathryn White,143-18-5461,"33168 Linda Lights
East Anna, FL 82004",Y,miles
252,Thomas Rogers,241-98-0703,"7895 David Union
Jacquelineport, CT 90521",N,miles
253,Sierra Richmond,875-15-7915,"96064 Reed Harbors
North Joycemouth, DE 66411",Y,miles
254,Christopher Flores,865-19-7763,"4415 Jesse Turnpike
Millershire, AR 96574",Y,hours
255,Adam Garza,255-50-7293,"Unit 1064 Box 1555
DPO AE 79530",N,miles
256,Amber Christensen MD,580-68-8808,"95350 Patterson Union
Kurtborough, ME 84072",Y,miles
257,John Collier,762-60-5058,"0024 Carter Extensions
Williambury, MO 84644",Y,hours
258,Meghan Cowan,211-38-0598,"822 Jordan Wells Apt. 728
Amyton, OH 78324",Y,miles
259,Sandra Ryan,592-42-2030,"3860 Shane Islands
Lake Michaelfurt, KS 93076",N,miles
260,Cynthia Melendez,864-33-7758,"403 Estrada Fall Apt. 814
Lake Christophershire, SD 50320",Y,hours
261,Sally Conner,282-57-9091,"PSC 2518, Box 8504
APO AA 61103",N,miles
262,Paula Jenkins,450-49-5506,"57341 Brown Spurs
Sabrinashire, MT 03434",N,hours
263,Jeffrey Jones,413-47-3304,"98838 Hernandez Locks
Trujillofort, MP 56212",Y,hours
264,Ronald Villanueva,166-38-8875,"935 Jose Lights Apt. 281
North Mitchell, NM 36058",Y,hours
265,Parker Newman,683-79-6677,"49166 Mendoza Bridge Suite 100
Cindyfurt, FL 17189",N,hours
266,Laura Palmer,427-49-3847,"90911 Gomez Squares Apt. 288
Ramseytown, VA 17955",Y,miles
267,Lorraine Brown,759-57-6946,"90034 Dustin Fall
Port Eric, MD 46109",N,miles
268,Danielle Willis,888-52-7848,"032 Christopher Vista
East Brian, CO 90403",Y,miles
269,Ann Lewis,888-24-5521,"USNS White
FPO AP 62916",Y,miles
270,Ms. Jennifer Blevins,506-06-9729,"8910 Stewart Green Apt. 418
South Lindseychester, ID 31341",N,miles
271,Rachel Middleton,623-92-6819,"785 Garcia Brooks
Kimberlystad, DE 78776",Y,hours
272,Jill Krause,485-01-6042,"8048 Jamie Mount Apt. 732
Nealbury, IN 20911",Y,miles
273,Tammy Lewis,560-19-5050,"1182 Kimberly Village
North Michael, KS 60417",N,hours
274,Lisa Fisher,513-05-8972,"5346 Fowler Shores Apt. 786
Riversstad, MP 06389",N,hours
275,Wesley Wright,396-96-6379,"59583 Meredith Squares
Bassport, WV 38399",Y,hours
276,Daniel Richards,546-44-1946,"907 Regina Land
Walterview, CT 13756",N,miles
277,Troy Brooks,859-02-1359,"32938 Crawford River Apt. 448
Lake Patricia, MT 59400",N,miles
278,Kaitlyn Terry,112-51-8102,"589 Gill Garden
Johnfort, WY 28274",Y,miles
279,Tonya Lopez,554-81-4170,"192 Cheryl Brooks Suite 481
Meganchester, WV 44177",N,hours
280,Kelly Hernandez,550-54-0007,"7521 Olsen Rue
Timothyborough, FL 22688",Y,miles
281,Jesse Smith,243-61-0609,"7321 Obrien Village
Jordanfort, DE 22295",Y,hours
282,Alyssa Johnson,076-90-0619,"4796 Sharon Pike
North Charles, VI 04689",Y,miles
283,Stephen Rose,083-34-7975,"4018 Miller Club
Barnettshire, MD 21635",Y,miles
284,Anthony Lee,504-86-3264,"22191 Hull Ville Apt. 032
Lake Desiree, FM 70724",N,hours
285,Patrick Rodriguez,803-23-4839,"32284 Pruitt Flats Apt. 324
East Kenneth, MS 64329",N,miles
286,Patrick Johnson,761-97-7009,"403 Johnston Drive Suite 016
Christopherland, ID 02096",N,hours
287,Kristina Smith,650-24-5101,"22783 Lawrence Meadows Suite 954
Lake Michaelstad, DE 61686",Y,hours
288,Thomas Hernandez,491-63-3208,"60481 Christopher Pine Suite 586
Chandlerbury, OR 09314",Y,miles
289,Jorge Mitchell,489-55-8401,"091 Ortiz Way
Williamville, NV 25691",N,miles
290,Nicholas Mcmillan,288-10-0367,"USCGC Smith
FPO AE 62118",Y,miles
291,David White,247-26-9564,"74990 Day Plaza Apt. 416
Jenniferbury, IN 42485",N,miles
292,Tony Simpson,698-21-9529,"65906 Todd Parkways Suite 204
Megantown, PA 04625",N,miles
293,Todd Howell,025-69-4351,"PSC 2074, Box 7958
APO AP 22711",N,miles
294,Nichole Caldwell,602-40-3292,"778 Aguilar Road Apt. 024
West Diane, NE 53690",N,miles
295,Roy Mcbride,689-88-8428,"700 Craig Pines
Fitzgeraldbury, FL 89408",Y,miles
296,Meghan Wilson,411-43-1492,"316 Nguyen Port Suite 449
Alicialand, IN 61454",N,hours
297,Charlene Soto,392-37-9628,"96903 Marks Stream Suite 654
North Mariaview, WA 96565",N,miles
298,Traci Jensen,692-25-4657,"USS Sawyer
FPO AP 32359",N,miles
299,Christopher Hull,727-63-9071,"44747 Banks Square Suite 294
Hopkinsborough, AR 06422",Y,miles
300,David Delgado,334-08-3265,"6235 Salinas Drive Apt. 030
New Maryborough, MD 26691",N,hours
301,Daniel Schultz,210-71-3271,"2926 Guerrero Summit
New Rebeccaland, ME 73422",Y,hours
302,Michael Scott,800-63-5073,"PSC 6460, Box 0480
APO AA 08049",Y,miles
303,Michelle Short,342-37-2175,"Unit 7218 Box 1393
DPO AP 68174",N,hours
304,Charles Montgomery,216-98-6883,"1357 Allison Port Suite 792
Lake Charlesview, TN 72716",Y,miles
305,Julia Davis,242-49-6841,"9444 Lisa Fort Apt. 566
Morenoburgh, LA 44575",N,miles
306,Aaron Rodgers,882-79-0342,"725 Luke Pines
New Davidview, TN 20155",Y,hours
307,Raymond Valdez,021-70-0008,"155 Carrie Route Suite 753
East Tinamouth, WI 19944",Y,hours
308,Bridget Perez,475-51-3967,"30085 Hoffman Mount Suite 524
Steeleberg, NE 76041",Y,miles
309,Jason Schmidt,672-58-7887,"3624 Robinson Locks
Pamelaside, MO 64515",N,hours
310,Michele Valentine,175-50-7370,"147 Daniel Mission
North Christopher, DE 87508",Y,hours
311,Diane Lopez,455-43-9831,"887 Stacey Estate Suite 324
New Lauratown, NE 90941",N,miles
312,Zachary Watkins,535-37-1009,"2846 Kim Mews
West Lori, AS 62490",N,hours
313,Tiffany Griffith,428-40-1301,"54600 Heath Lane
Owensfort, MO 98689",N,hours
314,Scott Montgomery,762-41-5834,"4950 Jacqueline Shores
Durhamburgh, NM 88791",N,hours
315,Shirley Watson,565-32-5816,"353 Gonzalez Forges
Trevinoborough, DC 18894",N,miles
316,Megan Walton,209-79-9730,"5418 Victoria Burgs
Lake Katieview, MA 65007",N,hours
317,Paul Bishop PhD,491-75-7921,"611 Holt Well
South Melissa, FL 19330",N,hours
318,Jason Choi,261-42-1775,"7369 Amanda Mountain Apt. 931
East Christian, VT 94087",N,miles
319,Jordan Montoya,602-21-9692,"333 Robert Mall Suite 978
New Blakeview, KY 36315",N,miles
320,Kristina Graham,885-03-1288,"2103 Delgado Causeway Apt. 099
East Jordanstad, NC 07637",N,miles
321,Darren Mason,372-45-5118,"37617 Carlos Shoals
North Joshuachester, MD 79166",Y,hours
322,Amy Hess PhD,759-52-1452,"642 Hanson Bridge
Lake Dawnmouth, AZ 03505",Y,miles
323,Andrew Woods,682-69-5398,"PSC 7020, Box 8426
APO AA 36432",N,hours
324,Sarah Mathews,713-65-8980,"817 Kimberly Knoll Suite 797
Nguyenfort, NJ 75162",N,hours
325,Albert Martinez,544-89-0832,"787 Jamie Vista Apt. 437
North Matthew, AR 60767",Y,hours
326,Charles Harrison,274-62-7826,"1002 Lucero Throughway Suite 252
Davidburgh, SC 80668",Y,miles
327,Dorothy Long,277-53-0723,"282 Morrow Glen
Nashside, TX 13860",N,miles
328,Jared Moore,070-62-5034,"94129 Stewart Burg Apt. 281
Cherylberg, SC 15579",N,hours
329,Scott Jennings,171-04-4383,"USNV Collins
FPO AA 36209",N,hours
330,Caroline Aguilar,251-74-1466,"1132 Joseph Track
Jonathanland, NE 92716",Y,hours
331,Keith Black,633-61-3057,"0386 Jerry Divide Suite 834
Michaelside, OH 45115",N,hours
332,Kimberly Morgan,657-57-6437,"93912 Terri Rest
Lake Blake, NV 62705",Y,hours
333,Cynthia Peterson,443-13-1165,"00620 Jessica Springs
Deborahstad, WV 25297",N,hours
334,Rachel Moore,835-95-9405,"276 Scott Plains
Collinsburgh, WA 70217",Y,hours
335,John Patterson,690-08-5404,"513 Hunter Locks
North Johnland, FL 92064",N,hours
336,Carol Cuevas,880-61-1731,"2473 Cody Plains Suite 078
Andersonhaven, AL 22783",N,hours
337,Christopher Wells,078-23-4304,"879 Sanchez Vista
Port April, LA 03438",Y,hours
338,Kenneth Ford,779-01-6423,"37373 Gutierrez Station Suite 608
New Matthew, WV 42516",Y,miles
339,Kimberly Cooley,675-69-4717,"40695 Lee Forks Suite 809
Hendersonborough, WI 19681",Y,hours
340,Matthew Sanchez,053-45-6373,"Unit 4038 Box 8339
DPO AA 54247",Y,miles
341,Gerald Morton,842-15-2745,"3425 Bradley Hollow
Kristenport, MN 29461",N,miles
342,Mark Mann,145-31-9580,"Unit 5598 Box 4820
DPO AA 28313",N,hours
343,Beth Johnson,073-33-5449,"7073 Anna Courts
South Steve, SC 75289",Y,hours
344,Carrie Mcdowell,552-06-8575,"Unit 7088 Box 0015
DPO AE 40934",N,miles
345,John Norris,324-82-4181,"9754 Acosta Mountains Apt. 022
Hobbsstad, AL 36713",Y,miles
346,Thomas Robinson,333-79-8796,"605 Taylor Mall
Port Lisatown, AS 44182",N,miles
347,Ann Ford,027-42-7941,"3485 Jill Ville Suite 055
Elizabethville, NY 41605",N,hours
348,Angela Vargas,850-68-9476,"7569 Jennings Camp
Paulton, AZ 31933",Y,miles
349,Debra Torres,254-93-2932,"480 Jonathan Spur
Annaport, MS 51472",N,miles
350,Janet Boyle,152-25-5745,"Unit 4645 Box 9843
DPO AA 74469",Y,miles
351,Kayla Middleton,206-36-3271,"Unit 7313 Box 5893
DPO AA 54301",N,hours
352,Jennifer Rodriguez,843-07-1951,"3898 Russell Roads
Lake Natalie, MD 39662",Y,miles
353,Troy Clark,653-28-9260,"3327 Larry Street Apt. 307
Smithside, WV 24572",Y,hours
354,John Walker,699-34-3655,"252 Pam Points Apt. 646
New Barryville, HI 96947",N,hours
355,Eric Hampton,494-57-1479,"142 Rhonda Unions
New Bryanberg, KS 19671",N,hours
356,John Cabrera,769-12-4592,"52791 Gray Cove
Maldonadoland, MN 72089",N,hours
357,Stephen Duffy,633-11-4270,"69105 Morris Trail Suite 580
Port Megan, ID 08148",N,hours
358,Brittany Combs,697-42-5995,"7127 Phillips Forge Apt. 908
West Adam, TN 78364",Y,miles
359,Chelsea Richards,789-07-7913,"44283 Gonzales Pike Apt. 938
Lauriefurt, MO 38647",N,miles
360,Luis Sullivan,564-24-3737,"279 Stevens Views Suite 177
Sethside, VA 44526",N,hours
361,Mike Robinson,427-68-7802,"8289 Eaton Alley
Port Daniellechester, DE 90046",N,miles
362,Samuel Carroll,320-22-9436,"957 Joe Throughway Apt. 870
Raytown, MH 35970",Y,miles
363,Tina Figueroa,532-08-3585,"1069 Amanda Vista Apt. 535
Jacobborough, MD 67421",N,hours
364,Jill Wright,274-90-6022,"7368 Amber Meadow
Lake Michaelland, VI 48824",Y,hours
365,Brenda Fernandez,513-77-8385,"4535 Aaron Land Suite 695
West Alexander, NE 62436",Y,hours
366,Douglas Green,748-85-4242,"133 Catherine Run Apt. 398
Nicoleland, AR 14076",Y,miles
367,Sandra Huffman MD,175-75-6376,"1330 Elizabeth Mission
Jacobstown, ID 27027",Y,hours
368,Jennifer Gardner,387-17-4464,"370 Shaw Ford
Rodriguezchester, NM 00623",N,hours
369,Troy Smith,471-34-6799,"98668 Aaron Branch Suite 784
Port Justin, MI 94979",Y,hours
370,Tracy Williams,445-07-9781,"029 Elizabeth Trail
Teresabury, CO 77505",N,miles
371,Stephanie Russo,474-95-7020,"129 Howard Lodge
New Christophermouth, AS 10258",Y,miles
372,Christopher Gibson,543-23-3075,"497 Mack Ridge Apt. 780
Longtown, MD 26314",N,miles
373,Renee Robinson,568-68-6527,"201 Stephen Gardens
South Veronicaport, ND 40360",N,hours
374,Craig Morrison,827-31-8920,"773 Hughes Roads Suite 921
Crystalland, OH 58019",Y,hours
375,Gregory Gomez,767-77-3602,"31265 Thomas Station
Cameronport, HI 68829",N,hours
376,Jeffrey Munoz,138-81-5816,"72292 Norton Radial Suite 938
Carpenterfurt, CT 33834",N,hours
377,Jack Mendez,480-95-3948,"PSC 0662, Box 7611
APO AP 71360",N,miles
378,Jacob Porter,212-08-4530,"9088 Williams Spring
Colemouth, LA 04009",Y,hours
379,Douglas Moore Jr.,831-92-8358,"99888 Vincent Union Suite 431
East Jill, MH 56670",N,hours
380,Samantha Newman,011-15-0852,"11517 Peters Extensions Apt. 983
Mccarthymouth, UT 22787",Y,miles
381,Joshua Guerra,432-74-7700,"302 Veronica Cliff
Lake Amandahaven, CA 96202",Y,hours
382,Brian Howard,004-78-0073,"980 Jenna Dam Apt. 814
Christophershire, AK 33063",N,hours
383,Cynthia Robertson DDS,088-96-9454,"2286 Turner Neck
Port Kimberly, TX 88647",Y,miles
384,Stephen Johnson,892-45-6003,"999 Stafford Avenue
Wintersfurt, OK 35107",N,miles
385,Justin Brandt,738-23-6248,"13394 Howard Street Apt. 936
Freemanton, IN 19807",Y,hours
386,Sandra Callahan,525-29-2457,"1226 Alex Prairie Apt. 710
Gardnerville, FM 15673",Y,hours
387,James Stone,187-71-4499,"4799 Shannon Lakes
Alvaradoview, VA 78054",Y,miles
388,Amy Heath,823-09-3377,"Unit 3881 Box 7160
DPO AE 13739",Y,hours
389,Karen Anthony,847-23-8076,"82410 Michael Manor Apt. 831
New Kim, AR 11340",Y,miles
390,David Allen,422-75-1127,"129 Weaver Shores Apt. 623
West Nathan, GA 35356",N,hours
391,Daniel Deleon,205-15-4342,"7577 Amber Falls
Lake Kennethmouth, KY 87283",Y,miles
392,Brian Torres,685-21-0847,"86292 Reed Ports
Hallhaven, UT 47134",Y,miles
393,Seth Reyes,701-75-1156,"USNV Morrow
FPO AP 18061",N,miles
394,Samuel Phillips,663-20-2382,"44200 Mary Club Suite 009
Masonside, ND 57811",Y,hours
395,Erika Jarvis,535-66-7887,"08333 Patricia Park
Gillhaven, TN 44248",Y,hours
396,Willie Potter,838-02-4398,"69294 Wayne Mount Suite 475
Pattonport, HI 81136",N,hours
397,Susan Payne,126-37-5692,"4340 Mooney Fort Suite 685
South Joannamouth, AL 09583",N,hours
398,Dawn Riley,713-33-4690,"8881 Sanchez Terrace Apt. 458
Melissafurt, MA 55360",N,hours
399,Brenda Kennedy,894-13-3628,"04305 Virginia Turnpike
Simonchester, KS 41206",Y,hours
400,Debra Jackson,873-19-7350,"267 Jeffrey Parks
Lake Sarahville, RI 57963",N,hours
401,Breanna Smith,816-46-7778,"181 King Glen
East Shirley, PA 57749",N,miles
402,Nancy Taylor,727-06-5906,"4761 Zachary Rue
Alexanderfort, WA 15612",Y,miles
403,John Jackson,658-84-9857,"804 Nathan Underpass Suite 472
South Evanville, WV 92014",Y,miles
404,Michael Bowers,719-37-6892,"78868 Davis Spur Suite 572
Choichester, AZ 70695",N,hours
405,Lisa Bradshaw,463-62-7400,"4675 Luna Cove
New Elizabeth, MI 39720",Y,hours
406,William Smith,016-70-0119,"07278 Rebekah Lakes
New Holly, WV 68559",N,miles
407,Jordan Norris,504-31-7902,"USS Blackburn
FPO AP 89456",N,miles
408,Jennifer Haney,117-85-1886,"USS Odom
FPO AE 71750",N,miles
409,Lee Dougherty,016-65-2217,"146 Ballard Ferry
Jayburgh, NV 71602",N,hours
410,Douglas Castaneda DVM,806-58-0591,"0928 Michael Forge Suite 311
New Thomaston, MA 27461",N,hours
411,David Barnes,615-91-0420,"02311 Tyler Hills
North Michellemouth, AZ 61624",Y,hours
412,Bradley Mayo,412-57-3043,"8535 Michael Square Apt. 428
Payneburgh, KY 70238",N,hours
413,Jack Martinez,027-62-8502,"38648 Cox Field
Cookhaven, OH 26197",N,hours
414,John Berry,859-22-7603,"45162 Moore Creek Apt. 679
West Barbarabury, ND 10145",Y,miles
415,Stephanie Martin,712-82-8782,"Unit 2492 Box 9643
DPO AP 88960",Y,hours
416,Andrea Wallace DVM,148-57-5509,"PSC 4381, Box 6545
APO AP 08773",N,miles
417,Ashley Arnold,534-15-2649,"11627 Hobbs Loaf
Robertfort, MH 59002",N,miles
418,Tracy Lewis,547-29-2955,"43990 Tara Cove Apt. 898
East Ericchester, CT 05454",N,hours
419,Steven Jones,661-49-3355,"788 Jackson Stream Apt. 005
South Joan, OK 91472",N,miles
420,Donald Sullivan,668-79-0132,"63507 Krueger Cove Suite 276
South Hannahton, AZ 64017",N,miles
421,Steven Lee,409-05-1753,"545 Jennifer Road
Mejiahaven, PR 61264",Y,hours
422,Sharon Sexton,626-78-3287,"00462 Michael Harbors Apt. 722
East Rickeyview, VI 31754",Y,miles
423,Tammy Medina,601-25-6807,"297 Hayes Shore
Annaside, WI 81205",Y,miles
424,Destiny Garner,588-02-8372,"2170 Cooper Knolls
Dixonburgh, PW 59258",Y,hours
425,Marc Zimmerman,001-83-4666,"982 Andrews Valley
Deleonfort, FM 16153",N,miles
426,Jonathan Vargas,125-06-8341,"Unit 7757 Box 6944
DPO AE 61276",Y,miles
427,Janice Castaneda,876-72-3716,"991 Garrison Mission
Chamberston, TN 88039",Y,hours
428,Joshua Flores,715-66-4488,"403 Martin Harbors
Wilsonchester, NY 33990",N,miles
429,Alec Dean,879-94-9588,"709 Dawson Square
West Benjamin, WY 96792",Y,miles
430,Margaret Johnson,751-39-2084,"4829 Williams Mission
Kevinview, SD 31822",Y,miles
431,Maureen Miller,343-93-6885,"7292 Valerie Centers Suite 415
East Jeffrey, NH 45519",N,miles
432,Tony Dudley,571-86-5128,"318 Salinas Freeway Apt. 671
Angelashire, ID 67754",N,miles
433,Richard Kane,051-43-7922,"4095 Brandi Extensions Apt. 260
Christinashire, RI 19153",N,miles
434,Ashley Dawson,223-99-3226,"1171 Turner Streets
Josephstad, LA 35614",Y,miles
435,Denise Bailey,303-89-6401,"496 Robin Fort Apt. 079
North Rebecca, FM 24906",N,miles
436,Teresa Silva,174-56-7386,"1474 Chelsea Orchard Suite 761
Port Johnathan, OK 89141",N,miles
437,Thomas Allen,052-93-1242,"USS Hernandez
FPO AA 71220",N,miles
438,Samantha Koch,047-36-6967,"9201 Lauren Centers Apt. 530
Martinezfort, VI 22408",Y,miles
439,Angela Anderson,826-21-5131,"68264 Jeffery Throughway Suite 688
West Stephenport, VT 07934",N,miles
440,Alicia Gonzalez,235-53-9178,"519 Catherine Terrace
Port Linda, GU 80366",N,hours
441,Mike Short,255-54-8636,"44907 Justin Isle Apt. 660
Alexandrastad, SC 60765",N,hours
442,Mary Cervantes,551-68-7764,"021 Mark Club Apt. 653
Espinozaburgh, AK 64086",Y,hours
443,Jordan Jackson,077-46-8754,"781 Thompson Prairie Apt. 917
Kevinbury, OR 17472",N,miles
444,Mrs. Rhonda Charles,521-07-3752,"483 Allen Harbors
Bryantport, MD 68792",Y,miles
445,Jessica Bond,799-86-5985,"3950 Franklin Terrace
Williamsland, FL 66216",Y,miles
446,Julian Ward,046-18-3583,"697 Tyler Trace Suite 052
East Williamland, ID 71705",N,hours
447,Timothy Sanchez,233-05-9132,"314 Morris Forest
Snyderland, NV 01613",Y,hours
448,Brian Thompson,798-42-2075,"25919 Arnold Drives
South Becky, ND 26737",N,hours
449,Benjamin Meyers,601-29-5033,"168 Graves Junctions Suite 145
South Jamieton, KY 18584",N,hours
450,Lindsay Griffin,294-57-4513,"6833 Scott Square Apt. 827
Kellymouth, ID 05600",Y,miles
451,Andrew Rodriguez,739-78-9025,"159 Smith Isle
South John, TX 79911",N,hours
452,Justin Oneill,404-05-6046,"USNS Gilmore
FPO AE 19964",Y,hours
453,Jay Carroll,702-08-0528,"44236 Terri Lake Apt. 939
Scottstad, MT 88081",Y,miles
454,Bill Nguyen,874-84-8048,"91972 Ayala Mall Apt. 719
Kerryburgh, WI 53397",N,hours
455,Alejandra Mills,080-39-6159,"402 William Rapids Apt. 674
West Jennifer, VA 08205",Y,hours
456,Emily Cowan,610-66-2641,"711 James Light
Omarstad, OH 45550",Y,miles
457,Chad Franco,349-69-7731,"24806 Bailey Stravenue Apt. 246
Miguelville, SC 21912",Y,hours
458,Rhonda Vance,335-17-6775,"280 Michael Point
Lake Codytown, KS 55735",N,miles
459,Victoria Skinner,505-13-7103,"744 Alicia Squares
Port Ana, AK 19413",Y,hours
460,David Fuentes,074-28-4902,"1979 Jessica Dale Apt. 456
West James, FM 57361",Y,miles
461,Jeffrey Robinson,805-71-7342,"83316 Colleen Grove Apt. 668
East Melvin, SC 50467",Y,hours
462,Robert Anthony,737-38-0997,"1862 Stephanie Burg Suite 957
Brownside, ME 85500",Y,miles
463,James Wilson,176-39-2308,"4940 Christopher Mountains
Lake Sean, HI 23054",N,hours
464,Jeffrey Lopez,793-96-1450,"611 Murphy Rapids Suite 652
Youngchester, NV 56781",N,miles
465,Sarah Herrera,213-63-9006,"9524 John Terrace
Muellertown, ND 45013",N,miles
466,Amanda Weeks,896-42-7695,"PSC 6822, Box 9877
APO AE 71173",N,hours
467,Richard Smith,594-30-4494,"409 Miller Lights Apt. 420
Sandershaven, OR 17569",N,hours
468,Kimberly Perez,360-51-3773,"51466 George Track
Lake Austin, AS 94997",N,hours
469,Dana Scott,038-38-2178,"62894 Susan Underpass Apt. 853
Brandifort, NH 87034",N,hours
470,Christopher Thomas,791-84-7068,"959 Rush Vista Suite 078
Simmonsfurt, MH 62300",N,miles
471,Kelsey Williams,819-55-9540,"4795 Ryan Pass Suite 739
Jennyside, MD 80004",N,hours
472,William Green,106-04-0614,"7954 John Lights Apt. 383
Cervantesview, MP 08456",Y,hours
473,John Leblanc,738-05-7571,"4096 Brian Trail
Michelleside, GA 68267",Y,hours
474,Corey Robinson,253-87-2999,"34199 Gray Meadows
East Justin, MO 70134",N,hours
475,Jason Johnson,594-24-5053,"986 Krause Mills Apt. 908
East Johnfurt, WA 05792",Y,miles
476,Mary Hernandez,303-74-9016,"5446 Lawson Expressway Suite 034
North Nicole, IL 93157",N,hours
477,Samuel Atkinson,876-82-6335,"48060 Campbell Harbors Apt. 646
Monicaport, AL 76935",Y,miles
478,Lance Martinez,112-64-1190,"PSC 0317, Box 2336
APO AE 69356",N,miles
479,Thomas Kaufman,061-79-0144,"4171 Randall Course
Robinsonmouth, RI 46805",N,miles
480,Kelsey Gilmore,879-47-3163,"5449 Murphy Pines
Jamesshire, CA 96699",Y,miles
481,Colleen Jenkins,224-51-4473,"9347 Williams Wells
Stevenbury, NC 93355",Y,hours
482,Alexandra Warner,794-94-4673,"7147 Richard Stravenue Apt. 061
South Patricia, UT 95438",Y,hours
483,Tiffany Rodriguez,585-07-5865,"9968 Higgins Loop Suite 301
North Douglasborough, WI 97672",N,hours
484,Jacob Warren,196-15-9143,"34554 Robinson Pines Apt. 586
Coopershire, MA 53794",Y,miles
485,Michael Perkins,415-18-7069,"6853 Hall Fort Suite 375
Johnsonburgh, TX 68582",Y,hours
486,Tammy Cook,814-08-1098,"610 Stewart Crest Apt. 691
Port Robertshire, DE 84456",Y,hours
487,Arthur Davis,706-75-2398,"7814 Bean Estates Suite 601
Atkinsland, NM 85744",N,hours
488,Misty Anderson,089-28-2979,"2851 Jacqueline Mission Apt. 855
Timothyview, MP 65111",N,hours
489,Teresa Schwartz,810-39-1208,"2328 Welch Port Apt. 491
Lake Jessicaton, SC 07183",Y,hours
490,Zachary Reeves,614-54-6085,"054 Christy Pines
Brianmouth, UT 80866",N,hours
491,Heather Harrington,312-66-3128,"473 Michael Rapid Suite 407
Whiteshire, AL 55134",N,hours
492,Nicole Rodriguez,267-22-7420,"447 Andres Track
Parksmouth, IL 20949",N,hours
493,Amber Reed,202-42-6184,"7905 Smith Green
Davenportstad, MP 79629",N,miles
494,Benjamin Rose,649-50-7515,"681 Cynthia Groves Apt. 173
South Jill, WI 29068",Y,miles
495,Dawn Jordan,248-71-7422,"635 Sara Isle
North Allisonstad, UT 44753",Y,miles
496,Beth May,734-58-8233,"2559 Vincent Terrace
West Matthewchester, WI 74661",N,hours
497,Billy Maldonado,814-57-1059,"587 Sergio Circles
West Shelby, WY 60332",Y,miles
498,William Moody,093-24-8546,"USCGC Mejia
FPO AA 87605",Y,miles
499,Karen Morales,840-77-2488,"674 Anderson Summit
Adammouth, OK 87435",Y,hours
500,Dana Chung,803-09-7219,"76522 Ball Isle
Paulafurt, MD 44563",N,miles
501,Stanley Jackson,391-98-3161,"93900 Elizabeth Islands Apt. 563
Lake Deanport, NV 98861",N,hours
502,Melinda Miller,629-81-4644,"94392 Michael Station
New Lisa, ND 92654",N,hours
503,Brenda Payne,166-85-6163,"PSC 9998, Box 9134
APO AP 21954",Y,miles
504,Natalie Sims,560-64-4170,"09657 Bishop Throughway Apt. 747
East Cynthiaton, GU 19239",Y,miles
505,Courtney Wiley,606-67-1159,"Unit 5411 Box 3045
DPO AA 32844",N,hours
506,Angela Lopez,149-12-3289,"007 Natasha Ridges Suite 516
Joyview, WA 29033",N,miles
507,Russell Fuentes,404-09-6951,"447 John Heights Apt. 761
Edwardsville, NY 98569",Y,miles
508,Aaron Ross,760-63-5690,"416 Marshall Key Suite 875
New Natalie, MP 27784",Y,miles
509,Laura Goodwin,151-59-5626,"693 Tracy Island Suite 689
South Zacharyburgh, RI 56007",N,miles
510,Angelica Walker,617-86-0440,"81477 David Rapids Suite 747
Gardnerfurt, NY 39518",N,hours
511,Jennifer Rogers,657-89-1997,"53965 Michael Spurs
Marybury, DC 16730",N,miles
512,Dana Jones,374-92-1039,"069 Sherry Garden
Jasonstad, ND 51159",N,hours
513,Jessica Benjamin,617-61-8774,"451 Garcia Way Apt. 997
South Stevenport, SC 65628",N,hours
514,Joseph Collins,418-04-0095,"490 Gray Alley
Lake Williammouth, ND 54629",N,hours
515,Rachel Hansen,143-32-3234,"9213 Joe Port Apt. 915
Lake Ashleytown, VA 70498",N,hours
516,Kayla Patterson,822-20-6259,"6878 Hill Forges
Christophermouth, IA 94465",Y,miles
517,Cole Rodriguez,426-97-8608,"403 Valdez Glen
Tinaland, OR 29734",Y,miles
518,Denise Hernandez,011-92-5517,"99363 Matthew Shoal Suite 400
Christinamouth, DE 14109",Y,hours
519,Joseph Romero,056-56-0028,"Unit 1928 Box 1084
DPO AE 85547",N,miles
520,Laura Reed,480-16-2697,"40264 Sullivan Oval
Bartonborough, SC 48981",N,miles
521,Kathleen Richards,126-83-7314,"2209 Gregory Glen Apt. 484
West Jenniferborough, CA 93009",Y,hours
522,Robert Arnold,696-47-5699,"40913 Stephens Bypass Suite 345
Perezfort, PA 23909",Y,miles
523,David Winters,136-73-0560,"0544 Williams Flat Suite 374
Michealburgh, WI 26144",Y,miles
524,Robert Mcpherson,843-97-0874,"16690 Mccormick Well
West Karenside, WA 88212",N,miles
525,Darlene Mccarthy,816-95-3224,"791 Christopher Mission Suite 133
West Nicole, NM 60747",N,miles
526,Bradley Scott Jr.,105-91-7095,"895 Dyer Junctions
Markmouth, PA 55992",N,hours
527,Morgan Delgado,046-62-5343,"947 Mary Ports
Ryanmouth, MN 83381",Y,hours
528,Charles Savage,773-97-3103,"80988 Brock Brook
Kentburgh, AS 95169",Y,hours
529,Dominic Buchanan,252-63-3338,"11239 Reginald Port Apt. 199
Port Lisa, FL 97039",N,hours
530,Katie Brooks,738-31-3401,"420 Lauren Haven
New Chelsey, AR 43661",Y,hours
531,Christopher Ross,249-35-0887,"4620 Washington Union Suite 860
Michelleville, NV 48022",N,hours
532,Katie Carter,617-45-7933,"1522 Hogan Knolls Suite 392
Davidview, NE 37421",Y,hours
533,Anthony Morrison,838-36-0097,"798 Campbell Springs
Barbaraberg, MN 66534",N,hours
534,Cheyenne Hernandez,112-38-5076,"86152 Kevin Bridge
Allenstad, GA 59798",N,miles
535,Kurt Kane III,209-47-7182,"42661 Oliver Lake
Julieville, VA 16477",Y,hours
536,Andres Christian,268-33-6494,"9683 Ross Motorway
Daltonberg, MN 80686",N,hours
537,Benjamin Hudson,427-63-4693,"2255 Lynn Estates Suite 139
Georgetown, ND 04305",Y,hours
538,Mackenzie Hernandez,144-84-4605,"PSC 2326, Box 7303
APO AA 77598",N,miles
539,Gregory Harris,188-40-3409,"3431 Michael Estate
Leefort, TN 72828",N,miles
540,Cody Campbell,498-90-9634,"779 Nicholas Gateway Apt. 289
Thomasborough, HI 01046",N,miles
541,Ryan Jordan,354-07-7435,"05414 Amy Isle
Bergport, WA 43495",N,miles
542,Sheryl Hernandez,744-24-9842,"831 Singh Cove
East Karenville, AR 09043",N,miles
543,Terry Johnson,114-99-9858,"4465 Alex Lakes
Alexanderbury, MI 56835",N,hours
544,Tiffany Jackson,364-74-5861,"47509 Shannon Mountains Apt. 498
Huntfurt, OH 68480",Y,miles
545,Mr. David Webster MD,309-98-7030,"78383 Kevin Extension
West Nicolechester, GA 82925",Y,miles
546,Kimberly Williams,678-79-1386,"PSC 7695, Box 0027
APO AA 43698",Y,miles
547,John Pearson,806-23-5043,"083 Vanessa Hollow
New Jasmine, MT 00754",N,miles
548,Robert Richard,218-67-5761,"571 Koch Road Apt. 049
East Anthonyport, ID 30730",N,hours
549,Erik Watson,756-94-8925,"336 Cannon River
South Kathleen, KY 77959",N,miles
550,Brittany Wade,627-60-4194,"3185 Melanie Forest Apt. 533
South James, TX 53499",Y,miles
551,John James,504-06-8965,"80283 Elijah Shore
Briannaborough, UT 87932",Y,miles
552,Calvin Hancock Jr.,231-56-9299,"Unit 0131 Box 2570
DPO AE 55384",Y,hours
553,Nicholas Williams,539-66-0840,"696 Bethany Trail
Maddoxtown, FM 79690",N,miles
554,Crystal Lara,484-10-8594,"181 Theresa Pike
Christineton, MH 09760",N,hours
555,Victor Hooper,835-95-1535,"356 Brian Estate
Wongmouth, ND 26784",Y,miles
556,Jacob Collins,852-89-8302,"PSC 0382, Box 4470
APO AP 27190",Y,hours
557,Leah Cunningham,806-89-2800,"26787 Kirk Harbors Apt. 641
Leonardfurt, ME 32771",Y,miles
558,James Hobbs,251-57-8636,"USS Lowe
FPO AP 76805",Y,hours
559,Roy Jones,743-43-9946,"Unit 9884 Box 8747
DPO AP 47960",N,hours
560,Wyatt Black,371-76-4821,"586 Kristina Pines
Autumnshire, SD 55964",Y,hours
561,Charles Wade,780-18-6484,"119 Powell Meadow
East John, CT 30348",N,miles
562,Jacob Wagner,236-48-8084,"725 Megan Inlet
Kingmouth, NV 59072",Y,miles
563,Michael Rosario,756-73-3181,"10317 Tiffany Garden
Youngborough, CA 47619",Y,hours
564,Travis Solis,449-62-8880,"3075 Miller Island
Michaelhaven, TN 76982",N,hours
565,Melissa Johnson,781-74-1263,"6979 Jonathan Crescent Apt. 117
Smithland, PW 96691",N,hours
566,Linda Rodriguez,405-13-3951,"400 Cynthia Mill Apt. 411
Webstermouth, MN 05053",Y,hours
567,Carrie Simmons,433-21-1802,"6271 Henson Groves Apt. 759
Kylestad, GU 55430",Y,miles
568,Nathan Cross,242-16-5600,"29121 Abbott Parkway
New William, NV 35788",Y,hours
569,Tammy Hernandez,684-37-1464,"PSC 1682, Box 8719
APO AP 89862",N,hours
570,Melinda Barker,194-78-4552,"1153 Diane Crossing
Lake Robert, KS 28931",Y,hours
571,Jessica Mclean,178-06-0678,"10631 Juan Lake
South Todd, KS 61266",N,hours
572,Ronald Contreras,001-53-2464,"860 Kayla Mountains
East Anthony, TN 66656",Y,hours
573,Anita Young,607-34-9796,"798 Veronica Centers
Lake Emilyside, IL 86989",Y,miles
574,Laura Ferrell,724-73-9700,"PSC 2665, Box 9503
APO AE 15679",Y,hours
575,Gina Yates,488-14-4092,"82975 Dennis Points
South Christopher, OR 65795",Y,miles
576,Audrey Collins,451-19-8346,"5240 Chavez Gateway Apt. 854
Adamsfort, AK 93039",N,miles
577,James Medina,105-09-9574,"PSC 8994, Box 8321
APO AE 85195",N,miles
578,Gary Kirby,622-14-2677,"3535 Johnson Lane Suite 914
Frazierburgh, MA 03990",N,miles
579,Tammy Jenkins,281-76-8550,"04750 Keller Union
South Christinashire, OR 33572",N,hours
580,Louis Taylor MD,569-34-5742,"443 Davis Stream
North Christine, WY 31293",N,miles
581,Todd Rogers,129-81-7948,"2389 Sherman Spur
Lake Christopherstad, MP 44661",Y,hours
582,Tyrone Rodriguez,232-83-9471,"45324 Joseph Road Apt. 089
Rebeccaton, WV 86360",Y,hours
583,James Perkins,022-67-7396,"34888 Zachary Summit Apt. 680
North Jenniferstad, VA 09911",N,hours
584,Joshua Suarez,729-76-5624,"18185 Brittany Springs Suite 283
Calderonberg, OH 89121",N,miles
585,Jacob Walker,259-87-2829,"72413 Michael Pine Apt. 205
West Bridget, PW 31505",N,hours
586,Kyle Crawford,280-31-2518,"0692 Cassie Drives Suite 359
West Dorothy, MN 51333",Y,miles
587,Joseph Foster,330-75-1977,"930 Warren Junctions
Williamside, SC 60287",N,miles
588,Anna Ward,397-88-9561,"64639 Marco Port Suite 568
Lake Michelle, AL 77285",N,hours
589,Kelly Smith,771-40-1452,"550 Roberta Divide Suite 386
Hartmanton, TN 45456",N,miles
590,Lisa Jacobs,267-82-5910,"86313 Johnson Flats Apt. 942
Connieview, GU 78913",Y,miles
591,Jessica Burnett,272-32-8250,"13767 Edwards Underpass Apt. 428
Sullivanport, RI 72658",N,hours
592,Justin Randall,662-24-7418,"5334 Derek Locks
Jamesbury, KS 19111",N,hours
593,Randy Smith,416-15-9837,"98513 Garcia Glen Suite 779
East Jeffery, UT 92987",Y,hours
594,Andrew Taylor,896-62-7973,"37294 Smith Cliffs
Dillonton, TX 58211",N,hours
595,Cynthia Simmons,349-95-9295,"19669 Thompson Burgs Suite 165
South Peter, NY 57364",Y,hours
596,Laurie Fritz,330-20-5117,"85535 Cassandra Wells Suite 184
South Jennifer, NV 47296",N,miles
597,Elizabeth Smith,229-63-7767,"6796 Jessica Route
Andrewmouth, NE 66784",Y,miles
598,David Palmer,046-78-9681,"82980 Maxwell Keys Apt. 084
Anthonyborough, NC 89513",Y,miles
599,Jake Morgan,533-38-5960,"USS Walsh
FPO AA 30682",N,hours
600,Karen Roberts,634-41-1175,"USCGC Walker
FPO AP 49362",Y,hours
601,Tammy Mcdonald,877-62-6136,"9558 Morrow Roads
Lake Rachel, NJ 89039",N,hours
602,Jennifer Stone,311-60-3265,"92844 Jennifer Village Suite 305
Jacobland, OK 01657",N,hours
603,Angela Garcia,445-60-3417,"29816 Andrews Stream Apt. 751
West Richard, MN 45826",Y,miles
604,Jenny Martin,473-01-4700,"7663 Jacqueline Wall Apt. 676
Clarkburgh, IA 41764",Y,miles
605,Norma Brown,354-44-6118,"801 Fletcher Station Suite 170
South Austinbury, GU 39401",Y,hours
606,James Graham,031-28-5826,"8366 Scott Drive Apt. 565
Matthewport, AL 92647",N,miles
607,Gary Conley,534-58-7649,"PSC 0601, Box 5613
APO AE 32680",N,miles
608,Virginia Williams,285-91-3266,"420 Vargas Parkway Suite 701
Allenfurt, WI 73720",Y,miles
609,Gina Gomez,135-65-3227,"16993 Jackson Harbors Suite 246
East Thomas, WV 91634",Y,hours
610,Stephanie Roberts,860-87-8023,"40762 Alice Burg
New Vickiton, CA 29214",Y,hours
611,Jennifer Harvey,425-07-2729,"98041 Lawrence Fort Apt. 882
Lake Makayla, SC 31894",N,miles
612,Melissa Buchanan,455-22-5711,"5473 Tony Station
North Jackie, NH 47845",Y,hours
613,Richard Jones,814-56-5467,"800 Garcia Rapids
Adamport, UT 57247",N,miles
614,Christopher Davis,221-16-9134,"5178 Cathy Cove Apt. 131
South Williamville, NV 27702",Y,hours
615,James Freeman,206-75-7883,"506 Dawn Overpass Apt. 854
New Lori, WY 62199",N,miles
616,Mrs. Andrea Flores MD,824-56-8271,"009 James Island Apt. 563
Charleschester, IL 13315",N,miles
617,Austin Powell,179-23-0956,"181 Johnson Meadow Apt. 605
Andreastad, KS 72719",Y,hours
618,Mrs. Alexis Oliver,107-70-4007,"7050 Christopher Port
South John, IN 21550",Y,miles
619,Janice Atkinson,018-93-1785,"6990 Kristen Prairie Suite 979
Port Robert, GA 33230",N,miles
620,Heather Wall,723-72-8952,"7140 Todd Shoal
East Michaelfort, FL 50531",Y,hours
621,Jeffrey Mitchell,006-80-6459,"125 Barbara Rapid Suite 845
East Brianfurt, NJ 47327",Y,miles
622,Sarah Pierce,763-15-1130,"667 Nathaniel Hollow
Jacobton, AK 63534",N,hours
623,Jeffrey Little,464-90-9037,"21242 Emma Inlet
Cameronhaven, VA 19454",Y,hours
624,David George,061-17-0647,"Unit 3143 Box 6477
DPO AP 54336",Y,miles
625,William Clarke,891-16-4474,"29122 Bell Street
Port John, PA 03420",N,hours
626,Jenny Perez,671-39-5565,"180 Mahoney Walk Apt. 346
Christinatown, GA 01891",Y,miles
627,Alyssa Dalton,253-06-6575,"2197 Geoffrey Terrace Apt. 486
Katieberg, MA 00533",Y,miles
628,Kayla Sanchez,194-30-4008,"2767 Cuevas Plains Apt. 890
Port Michelleton, NJ 87403",N,miles
629,Paul Morgan,446-25-1487,"39295 Amy Avenue
South Alyssa, DE 33986",N,miles
630,Mark Wright,865-59-1085,"33400 Rowland Dale Suite 939
New John, NM 04104",N,hours
631,Joseph Webb,875-22-0312,"5534 Becky Square Apt. 420
West Joeview, GU 06306",Y,hours
632,Tony Lin,687-62-0412,"USNV Jones
FPO AE 07999",N,hours
633,Jared Cunningham,243-68-4676,"77308 Mark Wells Suite 960
Tranhaven, GU 00913",N,hours
634,George Quinn,208-89-8562,"957 Roberts Fort Apt. 768
Port Jesse, CT 63588",Y,miles
635,Sarah Rogers,710-26-5971,"30305 Long Island Suite 480
Michelleview, IL 02077",N,miles
636,Frances Werner PhD,594-60-8379,"614 Joshua Flats Apt. 783
Jerryside, AK 26591",Y,hours
637,Monica Perez MD,654-49-6996,"89436 Deborah Row
Jenniferberg, ME 44625",Y,hours
638,Beth Smith,222-05-6487,"Unit 3868 Box 8971
DPO AP 08954",N,hours
639,Carrie Macdonald,121-25-7015,"Unit 0191 Box 0603
DPO AA 13875",Y,hours
640,Dr. Kyle Davis,716-36-4406,"139 Eric Forks Apt. 687
West Kimberly, CA 26646",Y,hours
641,Omar Reynolds,895-49-1544,"011 Wagner Unions Apt. 684
Port Brianfurt, MN 67849",N,miles
642,Terri Graham,179-75-0343,"343 Jones View
North Kristin, TN 52922",Y,miles
643,Tyler Beltran,469-71-2604,"PSC 2472, Box 5816
APO AE 84275",Y,miles
644,Eric Crawford,086-79-5283,"61040 Vanessa Lodge
East Peterstad, AL 44796",N,hours
645,Amanda Nicholson,263-32-2595,"5631 Anne Summit Suite 596
Stephenton, DC 62933",N,miles
646,Carlos Jennings,230-89-7602,"1565 Amy Pass Suite 121
South Danburgh, VI 68634",Y,hours
647,Matthew Baldwin,439-68-7486,"2905 Wilson Mall Suite 034
Russellstad, FL 13513",N,miles
648,Alexis Peters,327-85-8370,"47197 Kimberly Skyway
North Stephanie, WI 07621",Y,hours
649,Jimmy Gibson,224-72-2455,"3137 Herrera Stravenue Suite 520
Lopezburgh, PW 52914",N,miles
650,Andrea Bryant,067-21-3925,"249 Anthony Field
Crystalstad, WA 51789",N,hours
651,Cheryl Webb,588-80-6181,"384 Robert Circle Apt. 635
Mooreborough, IA 58769",Y,hours
652,Matthew Gordon,442-93-9693,"317 Don Pike Suite 576
South Rachelshire, NM 83500",Y,miles
653,Brenda Herrera,244-39-1521,"2324 Owens Lane
South Kaitlin, RI 85596",N,hours
654,Aaron Stevenson,497-94-0888,"046 Duffy Crossroad
Port Territon, AR 69989",N,hours
655,Carolyn Gonzalez,653-87-6685,"92501 Taylor Lane Apt. 099
Jasonbury, DE 77549",N,miles
656,Lisa Woods,856-47-9945,"791 Jennifer Canyon Suite 832
West Timothyhaven, WV 07755",Y,miles
657,Catherine Thomas,502-94-0031,"88565 Max Junction
Hollyborough, CO 35683",N,hours
658,Katie Silva,022-68-6243,"317 Benjamin Rest
Port Erinland, MD 02201",Y,miles
659,Jill Stevens,614-98-8046,"65395 Moody Ridge Apt. 634
Reneeview, IA 31052",Y,hours
660,Sarah Green,443-51-4783,"95445 Davis Islands Apt. 306
Port John, CO 84166",Y,miles
661,Kimberly Walker,301-14-2873,"PSC 6184, Box 1416
APO AA 80208",N,miles
662,Lynn Pierce,169-44-3955,"65975 Richard Mills Apt. 965
North Leahfurt, NJ 87187",N,hours
663,Travis Smith,618-15-3707,"4277 Joseph Island
Port Jennifer, MP 44326",Y,hours
664,Dominic Anderson,611-24-6526,"883 Kendra Lodge
Powershaven, IL 16277",Y,hours
665,Daniel Powell,220-99-7012,"1096 Justin Track
Baileystad, CA 24857",Y,hours
666,Julie Barber,253-66-6890,"1792 Krista Burgs Suite 580
Danielberg, MD 79886",N,miles
667,Erica Cannon,534-31-7257,"PSC 0755, Box 4221
APO AA 88964",N,miles
668,Nathan Rodriguez,633-39-0037,"10512 Middleton Mount Apt. 654
New Danielbury, NM 14397",Y,hours
669,Anna Morris,033-78-0874,"649 Cheryl Vista
West Kaitlyn, SC 93004",Y,miles
670,Lauren Collier,259-97-4273,"938 Jennifer Spring Apt. 627
East James, NV 78806",N,hours
671,Emily Holmes,300-41-8575,"246 Nicole Summit
Woodwardmouth, MH 24195",Y,miles
672,Makayla Murphy,257-06-3118,"7042 Berger Estate
Smithland, FL 27725",Y,miles
673,Lynn Schultz,646-36-2821,"217 Todd Points
Erinport, LA 29222",Y,miles
674,James Salas,557-53-3768,"PSC 8428, Box 1373
APO AE 25352",N,hours
675,Denise Lewis,796-26-6423,"2847 Pineda Port Suite 343
Butlerfurt, VA 40614",N,hours
676,Cassandra Hunter,422-19-4563,"276 Carr Greens Suite 020
Harrellmouth, IN 88875",N,hours
677,Brandon Brown,393-21-5209,"PSC 5807, Box 2416
APO AP 57208",N,hours
678,Jorge Price,251-49-0438,"5405 Kathleen Square
East Marieside, GU 27329",Y,miles
679,Jacqueline Romero,738-80-1796,"2795 Deanna Viaduct Suite 246
West Richard, PR 14235",Y,hours
680,Olivia Davis,182-21-1434,"61908 Thompson Mountain Apt. 581
South Jeffreyland, WI 85845",N,miles
681,William Acosta,803-75-7111,"488 Rogers Pass Suite 442
Solomonhaven, AS 50727",Y,miles
682,Matthew Tucker,072-05-9878,"449 Cowan Heights
Port Katherineville, KY 52717",N,hours
683,Carmen Williams,324-69-6641,"2527 Amy Spring Apt. 599
Raymondfurt, OK 22612",Y,miles
684,Katherine Harrison,809-89-0428,"Unit 2807 Box 6395
DPO AE 73487",N,miles
685,Cynthia Rogers,642-23-0943,"6015 Tina Estates
South Brendan, LA 58075",N,miles
686,Jeanette Mcdowell,748-88-4107,"558 Cooper Overpass Apt. 944
Port Zacharybury, FM 22868",N,hours
687,Jeremy Powell,406-70-0461,"3378 Daniel Union
West Danielshire, TX 38685",N,miles
688,Antonio Turner,049-49-0666,"682 Myers Point Apt. 018
Amberberg, MA 89974",Y,miles
689,Maurice Gonzalez,581-42-3769,"27518 Kramer Mountains Apt. 601
Jenniferport, NV 05591",N,miles
690,William Barrett,808-06-0197,"938 Jerry Island
New Alexander, SC 24111",Y,miles
691,Christopher Hicks,667-48-5782,"674 Davis Rapids
Underwoodfort, VI 67733",Y,hours
692,Michelle Garcia,657-91-9688,"95590 Cooper Mountain
West Jesse, GU 98348",Y,hours
693,Philip Johnson,591-64-3512,"0389 Kim Streets Suite 496
East Matthewmouth, RI 75848",Y,hours
694,Jessica Cox,854-82-7472,"65597 Thompson Circle Apt. 058
Lake David, AK 38863",Y,hours
695,Samantha Le,462-64-1687,"72556 Jones Knolls
Andersonport, IA 73202",N,hours
696,Dr. Tabitha Kim,644-70-2229,"706 Evelyn Coves
Lindseytown, WV 72678",Y,miles
697,Ryan Douglas,802-30-2970,"209 Bradley Port Apt. 056
Nathanielport, UT 34880",N,hours
698,Martha Garcia,488-99-2223,"26880 Wong Circle
Perkinsmouth, WY 62145",N,miles
699,Brandon Allison,640-29-8025,"324 Murphy Brooks Suite 190
West Melissa, UT 76076",Y,miles
700,Mr. Alan Henderson,074-33-7436,"Unit 8849 Box 2779
DPO AA 08064",N,miles
701,Valerie Coleman,515-41-9764,"USNV Taylor
FPO AP 46436",N,miles
702,Kevin Weaver,665-31-5527,"91669 Nicholas Unions Suite 602
Joseview, NV 06486",N,hours
703,William Smith,213-41-2038,"234 Williams Falls Suite 214
East Rachel, RI 23347",Y,miles
704,Sandra Carpenter,151-60-3023,"77486 Melissa Flats Apt. 175
Underwoodton, MA 04186",Y,miles
705,Amber Brooks,068-32-4983,"5314 Manuel Coves Apt. 678
North Daniel, OH 83201",Y,hours
706,Mary Brown,814-58-8956,"839 Maureen Port Suite 254
Burnettberg, CO 41035",Y,hours
707,Terry Espinoza,332-90-9160,"0030 Wendy Villages Apt. 502
West Ashlee, VI 98426",Y,hours
708,Rebecca Wilson,814-26-8465,"29683 Johnson Cliff Suite 231
New Michellemouth, AK 46503",N,miles
709,Jennifer Martin,765-01-8874,"4089 Mcbride Village
Lake Heatherhaven, ND 15904",Y,hours
710,Barbara Moore,517-79-7925,"82863 Neal Walk
South Alexandraton, DE 69515",Y,hours
711,Mr. Charles Mathews,151-15-4496,"8183 Frank Stravenue
North Jeffery, GU 83815",Y,hours
712,Stacy Baker,289-85-1107,"281 Thompson Square
Joemouth, MP 52532",N,miles
713,Whitney Kennedy,238-64-5095,"85764 Sanchez Common Apt. 937
East John, IL 73065",Y,hours
714,John Young,016-74-3812,"266 Tina Grove Apt. 306
South Daniel, UT 64415",N,hours
715,Paul Goodman,808-05-1844,"USCGC Mcfarland
FPO AE 43477",N,miles
716,Hannah Rodriguez,088-40-2618,"34547 Brittany Light
New John, AK 93746",Y,miles
717,James Thomas,553-65-1309,"7347 Brooke Dam Apt. 452
Tiffanyview, AR 12292",N,hours
718,Amanda Morris,828-09-5280,"32035 Natalie Plains
North Jenniferhaven, FL 49038",Y,hours
719,Joseph Rosario,023-69-3144,"8779 Amy Falls
South Cassandra, PR 70436",N,hours
720,Ashley Mills,192-51-9567,"691 Dixon Plains Apt. 859
Lindafort, MA 09463",Y,miles
721,Dwayne Matthews,820-55-4395,"Unit 3501 Box 5908
DPO AA 66429",Y,hours
722,Jennifer Griffin,071-23-1356,"6135 Chang Spur
West Keithfurt, TN 50924",N,miles
723,Patricia Cobb,737-37-4447,"508 Harris Plains
New Lauren, LA 39095",Y,hours
724,Robert Hall,779-99-8294,"7021 Mcmillan Meadow
Kevinberg, MP 01697",Y,miles
725,Ryan Ward,765-59-4130,"5296 Jesus Dale Apt. 830
New Brianshire, NJ 21563",Y,hours
726,Andrea Smith,195-91-1983,"57945 Kristine Rest
West Dianemouth, FM 84192",N,hours
727,Kenneth Chambers,884-20-0864,"24317 Stein Creek
North Paul, CO 22354",Y,hours
728,Charles Nichols,708-65-7843,"579 Tony Coves Apt. 226
Powershaven, ID 62678",Y,miles
729,Michelle Scott,631-81-7751,"2085 Brady Skyway Apt. 300
Paulaborough, TX 24467",Y,miles
730,Kelsey Rodriguez,398-17-3341,"53143 Santiago Knolls Suite 031
Smithport, VA 98776",Y,hours
731,Todd Martin,439-18-9268,"8801 Lopez Oval
East Deborahberg, MA 57190",Y,miles
732,Stephen Anderson,665-83-6553,"PSC 6010, Box 4709
APO AE 68207",Y,miles
733,Danielle Gonzalez,660-97-0982,"390 Jason Island Suite 687
Aliciafurt, WA 68934",N,miles
734,Nicholas Coleman,194-11-1960,"37031 French Lodge
Nicoletown, UT 92560",N,miles
735,Michelle Riley,635-09-6423,"984 Michelle Vista
Wardview, MA 71397",N,miles
736,Brittany Hill,397-87-4304,"207 Adrian Underpass
East Bryanshire, LA 43331",Y,hours
737,Michael Ferrell,526-77-3157,"8662 Ferguson Ports Suite 704
Lake Brett, KY 67420",N,hours
738,Sarah Henry,189-42-1646,"7758 Campos Isle
West Jared, FM 51300",N,miles
739,Michelle Austin,599-49-1731,"728 Christina Street Suite 025
Brownport, SC 48065",Y,miles
740,Ebony Suarez,693-65-1009,"22574 Bryan Mall Suite 366
Lisachester, IL 27364",N,miles
741,Vincent Johnson,861-75-0934,"27200 Watkins Streets
Christianstad, NV 21167",Y,miles
742,Joseph Ford,723-36-3835,"46721 Jimenez Drive
Thomasberg, HI 20214",Y,miles
743,Margaret Roman,440-64-9417,"Unit 5159 Box 3898
DPO AE 32901",Y,hours
744,Jessica Hunt,468-94-9639,"3385 Christensen Pass
Duaneside, FL 18461",Y,miles
745,David Ross,633-41-6221,"41288 Shaun Centers
Samanthatown, CO 85438",N,miles
746,Kathy Kennedy,639-97-9075,"145 Jennifer Plain
Brookeport, UT 76215",Y,miles
747,Debra Hernandez,760-84-3213,"9042 Brian Path Suite 376
South Charles, DC 28092",N,miles
748,Patricia Valdez,823-92-5542,"6587 Myers Alley Suite 114
Jonesbury, AK 59153",N,hours
749,Megan Bruce,468-39-5638,"8803 Scott Well Suite 967
Paulchester, AL 04164",N,miles
750,Tonya Cruz,774-66-2776,"2392 John Road
Port Joseph, OR 39859",N,hours
751,Clayton Smith,415-86-3440,"Unit 5864 Box 9307
DPO AE 13919",N,hours
752,Nancy Patterson,362-56-8709,"0813 Stephanie Square Apt. 692
South Austin, VI 67082",Y,miles
753,Michael Allen,166-90-6077,"09706 Justin Neck Apt. 930
Port Benjamin, WY 36851",N,hours
754,Scott Lamb,727-83-5018,"USS Castillo
FPO AA 99521",N,hours
755,Anthony Smith,518-15-1586,"827 Olsen Street Suite 295
Coreyland, VI 03839",Y,miles
756,Kelly Winters,363-29-3490,"USS Flowers
FPO AP 66964",N,hours
757,Robert Taylor,712-82-9350,"234 Johnson Greens
Davidberg, MI 95537",Y,miles
758,Krista Owens,758-57-3314,"169 Davis Forge Apt. 037
Lake Barbarashire, MN 30498",Y,hours
759,Anthony Rodriguez,873-01-0314,"627 Merritt Fork
Longtown, AZ 28685",N,hours
760,Sheri Valenzuela,661-96-6876,"50956 Deborah Road Suite 711
West Lindseyburgh, MO 13107",N,hours
761,Joe Green,158-89-5262,"PSC 5794, Box 4473
APO AE 56762",Y,miles
762,Jack Tate,212-45-8917,"66602 Charles Forge Apt. 083
Fullerville, WA 32178",N,hours
763,Natalie Hamilton,623-10-0943,"592 Richard Route Suite 628
South Anthonybury, MH 18784",Y,hours
764,Lisa Nunez,083-31-2210,"044 Michael Villages Suite 849
Smithmouth, MD 21476",N,hours
765,Jennifer Lawson,488-73-4679,"714 Poole Spur Suite 804
South Ricardotown, VT 96210",N,hours
766,John Fisher Jr.,172-06-6743,"56271 Miller Brook
Timothyville, WV 27421",N,hours
767,Nicholas Hamilton,635-76-9784,"55615 Fleming Port
East Lukeland, SD 55954",Y,hours
768,Daniel Brown,551-59-3703,"2332 Palmer Overpass
Brooksville, UT 55728",Y,miles
769,Sabrina Miller,017-55-5867,"383 Kelsey Harbors
Claudiaberg, NJ 01044",N,hours
770,Corey Spears,249-22-8268,"901 Robin Points Apt. 693
Martinberg, WA 08659",N,hours
771,Elizabeth Wilkins,392-05-3894,"3659 Anita Lights Suite 411
Ambermouth, PA 38979",Y,hours
772,Monique Lara,879-89-8793,"USNV Brown
FPO AP 30039",Y,hours
773,Thomas Smith,434-16-9937,"39742 Williams Club
East Rachelbury, OR 67785",N,miles
774,Daniel Nguyen,357-42-3718,"26189 Conley Forks
Tammyborough, OR 92675",N,hours
775,Mrs. Diane Newman,360-44-4325,"99120 Sandra Port Suite 955
Johnhaven, NM 48229",N,miles
776,Craig Brown,103-81-7912,"342 Hansen Ridges
North Shannonhaven, MI 45321",Y,miles
777,Christopher Jones,265-78-3689,"356 Tyler Summit
Kellyton, DC 68521",Y,miles
778,James Nichols,203-81-4907,"315 James Manors Apt. 445
West Michelle, NC 98434",Y,miles
779,Cassie Davis,156-63-0919,"4953 Hendricks Neck
West Charlesland, WA 19301",Y,miles
780,Paul Brown,836-22-4623,"PSC 1344, Box 5089
APO AA 21744",Y,miles
781,Amanda Brown,344-65-0689,"8300 David Mission Suite 420
Lake David, WI 98318",Y,hours
782,John Hansen,560-57-8444,"6733 Burns Street Suite 817
Michaeltown, NE 93034",N,hours
783,Keith Allen,447-46-6905,"51005 Kara Streets
New Jessica, SD 58745",N,hours
784,Nicholas Rodriguez,509-94-7829,"767 Kimberly Bypass
Haysshire, KY 22286",N,miles
785,Taylor Miller,584-07-7721,"40929 Kerr Parkways Suite 539
West Eric, KY 85016",Y,miles
786,Timothy Weeks,291-86-2835,"USCGC Jones
FPO AE 47803",Y,hours
787,William Lee,496-49-4445,"91435 Steven Port Suite 329
Marvintown, OH 66303",N,miles
788,Elizabeth Smith,618-31-1472,"5887 Henderson Crossing Suite 561
South Cody, TN 81815",Y,miles
789,Stephanie Nguyen,672-01-6606,"741 Walters Path
Lake Rodneyside, CA 93226",N,miles
790,Sandra Reed,092-14-6687,"9671 Lynn Square Suite 147
Wagnerberg, WA 37885",Y,hours
791,Katrina Davis,312-41-9271,"PSC 0652, Box 0243
APO AP 65722",Y,miles
792,Angela Woodard,598-27-3009,"275 Marisa Trafficway Apt. 215
Gatesberg, KY 42026",Y,hours
793,James Guzman,853-65-3390,"470 Hughes Haven
Hunterburgh, MN 84678",N,hours
794,Jessica White,759-81-4345,"96745 Higgins Courts
Richardton, FM 51564",Y,hours
795,Glenn English,660-33-3263,"9724 Edward Forges
Kylefurt, SC 34211",N,miles
796,Steve Harmon,396-07-1482,"985 Wolfe Unions
Lisamouth, SD 52718",Y,hours
797,Kiara Morris,027-03-9522,"249 Nguyen Estate
Farleyville, ME 03151",N,hours
798,Kenneth Mcknight,077-26-7452,"196 Mata Corners Apt. 998
Mejiaberg, NY 81664",Y,miles
799,Tracy Duke,549-93-0988,"570 Cook Views Suite 345
West Jesseview, DE 87403",N,miles
800,Dana Gibbs,290-38-0114,"2421 Robert Loop
Underwoodburgh, ID 83488",Y,hours
801,Amanda Campbell,332-53-9166,"612 Steven Drives Apt. 949
West Benjaminmouth, AZ 10545",N,hours
802,Keith Nash,806-63-6887,"97181 Barajas Harbor
Port Sandra, VI 96140",N,miles
803,Hannah Kaufman,835-80-4431,"523 Ramirez Heights Suite 348
Penningtonborough, NJ 37088",N,miles
804,Brandi Morgan,876-24-0978,"076 Lopez Falls Suite 920
South Nina, FM 30733",Y,hours
805,Charles Franco,414-35-5201,"57995 Ryan Courts
Thomasville, VI 62242",Y,hours
806,Kathleen Davis,821-58-2133,"109 Bruce Estate Suite 695
West Ericbury, OK 45303",Y,hours
807,Anita Ward,871-33-4212,"227 Lori Key Suite 956
Rodneyborough, MT 67733",N,hours
808,Dana Bennett,759-66-6863,"304 Pamela Villages Apt. 059
Jordanville, TN 41523",Y,hours
809,Erin Pierce,109-10-2364,"832 Deborah Crescent
Lindsayfurt, AR 47215",N,miles
810,Karen Evans,303-60-1979,"9120 Richard Station
Cathychester, MT 81005",N,hours
811,Dustin Davis,551-16-9530,"21544 Riley Center Suite 793
Richardsonchester, TN 72486",N,miles
812,Pamela Lee,283-98-4429,"086 Evans Mountain
East Robert, WV 13146",Y,hours
813,Cheryl Duran,501-37-1754,"28337 Manuel Coves
South Natalieburgh, TN 61962",Y,hours
814,Angela Branch,768-02-6247,"88878 James Field
New Kristin, WV 56580",Y,hours
815,Kyle Smith,029-71-6151,"USNV Mitchell
FPO AE 97308",N,miles
816,Julie Jones,051-87-8749,"054 Amy Pike
West Colleenfurt, VA 58735",Y,hours
817,Joshua Hammond,447-49-9097,"54134 Wright Dam Apt. 468
New Maxwell, NJ 73589",N,miles
818,Melanie Jones,567-23-5154,"865 Whitney Throughway Suite 396
Francoburgh, MN 91554",Y,miles
819,Alicia Maldonado,032-07-6749,"03164 Oconnor Cove Apt. 714
Kimberlyberg, HI 58689",N,hours
820,Sara Young,566-52-4988,"Unit 0293 Box 5683
DPO AA 06639",Y,miles
821,Dennis Cooper,342-37-0568,"73050 Gallagher Neck
Whitebury, MH 18692",Y,miles
822,Dustin Cox,278-91-8495,"4333 Andrew Union Apt. 114
Lucasbury, ND 99561",N,miles
823,Grace Bryant,282-61-4034,"Unit 5573 Box 2278
DPO AA 83760",N,hours
824,Dustin Bruce,685-09-3572,"60286 Melissa Gateway Apt. 934
New Chelsea, OK 89855",N,miles
825,Heather Davis,108-58-7892,"USNV Sanchez
FPO AE 69142",Y,hours
826,Brett Campbell,173-37-0043,"0589 Jared Gateway
West William, AK 42309",Y,hours
827,John Pratt,775-81-2612,"437 Davila Summit
Kyleside, GU 30808",Y,hours
828,Felicia Sawyer,220-24-6796,"9900 White Mews Suite 815
Dianeview, WA 69597",Y,miles
829,Lawrence Byrd,531-64-6387,"47350 Chase Wall Suite 476
Lake Nathan, WI 75531",Y,miles
830,Roy Lawson,709-25-9822,"209 Christensen Inlet
West Brendan, TX 70591",Y,miles
831,Nicholas Johns,393-35-7926,"0534 Morris Lights Apt. 643
North Meganchester, ME 94507",Y,miles
832,Robert Long,649-87-0064,"1810 Olson Court
West Brandon, VT 60188",Y,miles
833,Brian Rosales,523-87-2464,"9847 Webb Wells
Marilynfurt, VA 81364",Y,miles
834,David Rodriguez,470-80-5642,"590 Thomas Plains
Theresaside, MP 99403",N,hours
835,Ashley Morris,095-05-1384,"Unit 6593 Box 2267
DPO AE 36932",Y,hours
836,Diana Lewis,746-13-2975,"0285 Lucas Forks Suite 908
Johnborough, TX 30051",N,miles
837,James Hicks,219-75-0185,"573 Kelly Port
Paulberg, MN 56213",Y,miles
838,James Sanders,280-22-7655,"9927 Williams Plaza Apt. 292
Olsonborough, KS 47469",N,hours
839,Michael Thomas,726-83-8689,"178 Bryan Trail Suite 350
North Ariel, WV 28472",N,miles
840,Elizabeth Hatfield,576-90-4859,"101 Nancy Stream
South Eileentown, KS 46513",N,miles
841,Michael Perkins,842-46-5853,"80268 Parker Fall
Wigginshaven, PA 20611",N,hours
842,Lawrence Koch,751-60-4746,"8327 Stephanie Walks Suite 934
Port Thomasport, WV 75383",N,miles
843,Karen Webb,756-41-4080,"091 Hawkins Spur
Markside, TX 08573",Y,hours
844,Gabriel Stevenson,281-04-8948,"828 Vanessa Ways
Robertport, OK 48739",N,hours
845,Alvin Ferrell,035-11-4758,"37064 Zavala Tunnel Suite 617
Port Jack, MA 81715",Y,hours
846,Nancy Williams,258-22-9802,"9601 Emily Crescent Suite 730
Michaeltown, GU 68103",Y,hours
847,Christina Vargas,545-24-7803,"502 Lee Falls Suite 005
Port Melissa, MI 75538",Y,miles
848,Michael Wong,513-34-5167,"8038 Ward Islands
Ortizburgh, NC 64693",N,hours
849,Kim Jones,846-89-8848,"84368 Craig Motorway Apt. 832
New Michaelastad, AS 78946",Y,miles
850,Kimberly Freeman,388-71-0229,"75424 Jennifer Inlet
Madisonstad, MH 26091",N,miles
851,Jamie Mitchell,721-44-4037,"3174 Butler Vista
West Loriview, ME 21753",Y,miles
852,Nancy Nunez,771-56-9888,"7552 Lee Dale
Joshuabury, AK 88971",Y,miles
853,Mr. Ryan Baker,304-60-3658,"412 Vanessa Falls
East Andrewville, CA 62772",N,hours
854,Jessica Larson,737-36-0907,"4420 Adams Park
Graceland, FM 86875",Y,hours
855,Tammy Hernandez,562-20-6172,"USCGC Rodriguez
FPO AP 62718",N,miles
856,Gina Robinson,651-18-4478,"888 Gill Point
Port Kevinstad, MO 50946",Y,hours
857,Angela Todd,856-94-6936,"94608 Sonya Inlet Apt. 980
Greenmouth, SC 02363",N,hours
858,Alyssa Simpson,424-79-5193,"Unit 0976 Box 4712
DPO AP 39221",Y,hours
859,Lynn Wells,738-72-9666,"5115 Mitchell Village
New Brian, IL 12233",N,miles
860,Misty Martinez,799-76-9125,"64017 Robert Dale Apt. 507
Lake Joseview, NM 34287",N,miles
861,Nicole Mcgee,208-97-5269,"08790 Jeffrey Locks Apt. 170
Lake Jodi, VA 92314",Y,hours
862,Angela Calhoun,158-48-4620,"22835 Jacobson Estates
Michaelfurt, AR 66304",Y,miles
863,Katie Frey,737-63-4768,"5347 Robert Wall
Gillbury, ME 73629",Y,miles
864,Douglas Stephens,510-49-5263,"172 Julie Keys Suite 128
Spencerberg, NH 88751",Y,miles
865,Kevin Khan,691-71-1308,"148 Dodson Inlet Apt. 938
North Leslie, MT 08208",Y,miles
866,Luke Howard,883-10-3826,"26044 Natalie Mountain Suite 200
Castanedastad, IL 47118",N,miles
867,Todd Cook,072-72-2384,"2621 Johnson Crest Apt. 064
Johnsonchester, RI 15190",Y,miles
868,Angela Griffin,479-67-7912,"8761 Shaw Circle
West Brandybury, WI 14289",Y,hours
869,Mary Schmidt,345-30-1296,"8064 Maldonado Gateway
Colinville, KS 23008",N,hours
870,Amy Werner,721-57-7527,"3518 Murphy Drives Suite 989
Port Jenniferchester, PA 91439",Y,hours
871,Joseph Ramirez,127-50-2440,"321 Turner Drive
New Victoriaport, IA 99818",N,hours
872,Jessica Garcia,729-52-3683,"474 Garcia Trafficway
North Adrianstad, DC 83034",Y,hours
873,Stephen Hudson,230-82-4011,"1106 Michael Mill
Margaretview, MN 14600",N,miles
874,Julie Thomas,778-42-5013,"039 William Grove
Paulfurt, WV 30119",N,hours
875,Tony Bridges,332-95-8529,"96962 Serrano Key Apt. 790
Bryantchester, ME 52206",N,hours
876,Thomas Braun,413-58-4437,"Unit 3234 Box 9779
DPO AE 97602",Y,miles
877,Matthew Smith,243-04-8900,"571 Jacqueline Flats
Scottside, NH 85047",Y,hours
878,Cristina Lynch,505-75-8589,"1436 Alyssa Prairie Apt. 430
East Robert, FL 56400",N,hours
879,Brandon Rivera,052-61-6532,"36263 Ashlee Course
East Rachelton, NH 85600",N,hours
880,Nicholas Strong,341-91-7528,"041 Owen Road Suite 792
South Sharon, WY 74099",Y,hours
881,Autumn Wall DVM,041-01-2026,"0297 Robyn Fork Apt. 943
West Jo, ND 71276",N,hours
882,Jason Dixon,661-71-7874,"USCGC Jacobs
FPO AP 20045",Y,miles
883,Eric Greene,221-97-3086,"5538 Reeves Lake Suite 188
Ronaldtown, WY 93347",Y,hours
884,Ashley Gibson,175-22-4654,"79163 Williams Lock Suite 309
Santoston, MS 83441",Y,hours
885,Jasmine Fernandez,251-67-2778,"6030 Jennifer Center Apt. 746
Torreschester, OH 86454",N,miles
886,Stephanie Tyler,475-68-7210,"5058 Hill Gateway
Taylorshire, ID 24638",Y,hours
887,John James,797-12-7521,"744 Morgan Skyway Suite 617
Port Pamland, AR 06834",N,hours
888,Tony Salinas,837-60-7008,"1643 Brooks Mills Suite 218
New Scottstad, MT 18220",Y,miles
889,Jason Brown,685-54-5539,"1723 Laura Loaf Apt. 701
Lake Kaitlyn, LA 88780",N,hours
890,Alyssa Morris,018-54-0614,"966 Watson Wall
Mistyland, HI 61488",Y,hours
891,Matthew Brady,889-18-7651,"7365 Fisher Stream
Juliafurt, OR 42142",Y,miles
892,Michael Cox,635-66-7981,"25564 Clinton Forks
Lake Beth, CO 29101",Y,miles
893,Jesse Griffin,799-08-1641,"469 Autumn Stravenue Suite 755
Marilynbury, SD 11252",N,miles
894,Holly Gill,273-11-9845,"126 James Crossroad Apt. 446
East Jamesside, OR 87122",N,hours
895,Anthony White,896-49-1073,"9644 Morse Spurs Apt. 786
Tammyside, PA 79925",N,hours
896,Curtis Young,116-80-5893,"24767 Mary Prairie
East Craig, AS 15969",Y,miles
897,Jennifer Brown,567-94-4501,"905 Jenkins Haven
Monicamouth, WI 28537",N,miles
898,Kimberly Hunt,877-24-7941,"30707 Brandon Locks Apt. 659
Port James, MA 99894",Y,hours
899,Elizabeth Moore,714-45-9407,"48435 John Underpass
Adamland, MI 05681",Y,miles
900,Bryan Mooney,841-12-9066,"9840 Bradley Isle
North Laura, AS 11182",N,miles
901,Jenna Holder,824-54-5805,"005 Cynthia Unions
Lake Danielside, MS 21460",Y,miles
902,Jacob Stewart,372-84-0362,"5957 Petty Grove Suite 545
North Jeffreyfurt, LA 53308",Y,miles
903,Charles Jackson,559-34-4855,"3443 Glenn Highway Suite 171
East Amandabury, MN 23669",Y,hours
904,Martha Roberts,416-06-3098,"5532 Stevens Burgs
Laurenland, ID 21902",Y,hours
905,Theresa Robertson,473-29-5508,"53080 Morales Way
Bassview, VT 34317",N,hours
906,Megan Barnes,649-44-4031,"8305 Gutierrez Mill Apt. 350
Willisberg, FL 40105",N,hours
907,Veronica Rodriguez,513-85-7125,"1489 Terry Fork Suite 423
Kelseyshire, SC 41649",Y,miles
908,Martin Gonzalez,423-83-2158,"PSC 3657, Box 4755
APO AA 23801",Y,miles
909,Sarah Davis,284-17-1935,"7624 Le Divide Suite 663
Boonemouth, WI 58838",N,hours
910,James Bridges,167-29-6626,"954 Jacqueline Highway
Port Jasonside, WV 40568",N,miles
911,Michael Cook,572-83-6397,"3815 Bishop Locks Suite 728
South Jacqueline, AS 78712",N,miles
912,Deborah Diaz,148-45-2282,"9596 Tamara Cliff Apt. 361
Lake Andrewberg, DE 49428",Y,miles
913,Peter White,800-68-0495,"66552 Kyle Flats
North Brandichester, WI 57628",N,miles
914,Shelley Marks,159-77-4441,"7943 Kristina Tunnel Apt. 013
Lauraview, MO 57648",Y,miles
915,Ryan Johnson,857-63-3225,"PSC 2880, Box 0723
APO AA 22694",N,hours
916,Laura Gordon,649-81-2823,"15226 Haney Fort Suite 417
Webbland, WV 91635",Y,miles
917,Amy Barnett,757-40-3314,"043 Teresa Mews Apt. 449
Shannonview, MH 22101",Y,miles
918,Meghan Wilkins,539-52-0864,"68585 Wilson Stravenue
Nancyview, VA 26869",Y,miles
919,Sydney Conley,189-49-7572,"8502 Monica Views Suite 461
Schwartzbury, NV 11193",Y,miles
920,Kathy Tyler,807-08-5413,"1157 Gardner Port
Fordtown, FM 33167",N,miles
921,Kenneth Simpson,072-51-6051,"2501 Cox Branch Apt. 166
Lake Veronica, MN 34712",Y,hours
922,Patricia Reed,547-83-2266,"606 Bauer Camp
Lake Michelle, VT 13611",N,miles
923,Robert Adams,478-76-8215,"1213 Alexander Walk
South Jameston, TN 00917",N,hours
924,Christopher Jones,362-52-7732,"608 Roberts Flat
New Angelfort, NY 09570",Y,hours
925,Grace Lloyd,541-60-0675,"3698 Heather Passage Apt. 261
Mirandafurt, PR 61980",N,hours
926,Ashley Weber,650-86-7993,"5068 Gutierrez Pine Suite 934
West Donna, NV 39651",N,miles
927,Rachel Webster,493-16-0420,"2138 Brittany Extensions Apt. 511
Cameronberg, OK 20086",N,miles
928,James Fisher,716-75-4148,"870 Bryant Village Apt. 316
Jenniferhaven, PR 46441",Y,hours
929,Linda Cruz,057-21-6254,"72658 Hall Prairie Suite 847
Port Mirandaport, VT 49953",N,miles
930,Crystal Miller,816-13-3013,"7186 Gregory Branch Apt. 998
Lake Lawrence, FL 67820",Y,miles
931,Rebecca Cummings,035-97-7477,"438 Laura Pine
Andrewmouth, LA 93039",Y,hours
932,Alexander Moran,385-72-8365,"763 Donald Loop
East Kristenview, GU 89453",Y,miles
933,Matthew Graves,132-55-0113,"63847 Emily Flats Suite 094
Nelsonland, GU 10597",N,hours
934,James Johnson,481-21-1581,"7007 Cassidy Hill Apt. 563
West Patricktown, CT 45558",Y,miles
935,Elizabeth Day,836-67-6258,"4255 French Junction Suite 041
Tonibury, SC 36824",Y,miles
936,Nancy Alvarez,856-37-2030,"669 Jay Drive Apt. 043
Port Jasonberg, NJ 60929",N,miles
937,Samantha Wood,169-14-3973,"5046 Allen Island Suite 969
South Waynestad, AS 56026",N,hours
938,David Richardson,171-90-0849,"7375 William Village Apt. 047
Summermouth, NJ 34505",Y,miles
939,Matthew Adams,323-91-5787,"353 Robinson Courts
Robertville, MI 09915",Y,miles
940,Elizabeth Moore,533-38-4652,"64614 Johnson Keys Apt. 558
Meghanland, IA 04387",N,miles
941,Sherry Williamson,789-60-8488,"48484 Christian Springs Suite 579
Daniellechester, MD 75197",Y,miles
942,Patrick Garrett,739-65-3398,"375 Conley Mountains Suite 500
Christianville, WY 13862",Y,hours
943,Dr. Brandy Sanders,616-03-7703,"85813 Vincent Mews
Jasonhaven, WV 21856",N,miles
944,Justin Vasquez,182-71-0570,"10053 Levi Park Apt. 632
Port Bernardberg, WY 72490",Y,hours
945,Monique Nguyen,846-88-1749,"719 Sandy Via Apt. 714
Lake Francisco, SD 46756",N,hours
946,Joseph Cruz,161-41-4618,"01307 Torres Burgs
South Andrea, FM 99724",N,miles
947,Roger Simmons,114-19-9537,"03237 Angela Neck
Taylorland, GU 82850",Y,hours
948,Taylor Evans,777-75-9698,"5108 Perez Green
Lake Eric, SC 48774",Y,hours
949,Cody Johns,038-96-5548,"255 Kim Throughway Apt. 123
Rogersberg, NH 74698",Y,miles
950,Brandon Young,810-78-3912,"2096 White Gateway
West Susanburgh, FL 33856",N,hours
951,Melissa Delacruz,390-13-0256,"Unit 3739 Box 1835
DPO AE 12891",N,hours
952,Emily Moore,247-82-0285,"Unit 2042 Box 8620
DPO AP 05814",N,miles
953,Keith Baxter,156-11-6860,"26827 Jennifer Falls Apt. 698
South Jenniferland, NV 18850",N,hours
954,Juan Yates,644-08-3407,"988 Williams View Suite 623
Lake Kim, VA 88296",Y,hours
955,Sheryl Johnson,004-85-5530,"584 Tonya Corners
Port Donald, WA 33616",Y,hours
956,John Moss DDS,816-03-5827,"8651 David Dale
South Lesliechester, LA 25290",Y,hours
957,Karina Evans,751-23-2071,"45256 Ritter Pines Apt. 648
Christopherland, CT 64003",Y,miles
958,Denise Edwards,543-56-4105,"3683 Nicole Ramp
Danielville, FM 24496",Y,hours
959,Sharon Miranda,043-93-5078,"19620 Donna Manors Apt. 274
Port Julia, PW 21848",N,miles
960,Wesley Smith,076-68-3462,"3669 Kelly Mission
Bradleyfort, RI 74525",N,miles
961,Mary Nelson,336-39-4881,"72538 Norton Fields
Lake Sheri, NV 28856",Y,hours
962,Kayla Bolton,228-51-2256,"67110 Michael Way
Rebeccatown, HI 85454",Y,miles
963,Hannah Hensley,832-94-1188,"51783 Young Vista
Michaelberg, SC 88188",Y,miles
964,Michael Richardson,789-01-3416,"344 Judy Light
Tylertown, MI 15664",N,miles
965,Samantha Mullins,887-38-5122,"10755 Joshua Square
Mariomouth, AR 65608",Y,miles
966,Kevin Campbell,432-07-9526,"54355 Gregory Passage
New Frederickville, ND 34999",Y,hours
967,David Mcdaniel,458-79-8872,"162 Russell Junctions
Marissaville, IN 16365",Y,hours
968,Whitney Riley,388-27-4373,"262 Nelson Vista Apt. 688
Lake Ianmouth, AL 62978",N,hours
969,Sarah Harris,359-37-8674,"35974 Amy Place Suite 827
South Roy, SC 10475",Y,hours
970,Ashley Anderson MD,522-23-4323,"14025 Williams Spring Suite 480
Phelpsmouth, ID 61174",N,miles
971,Michael Wilson,713-84-5706,"7389 Massey Ways Suite 689
East Seanville, MS 49475",N,hours
972,Louis Hernandez,248-52-3868,"63423 Smith Harbor
North Elizabeth, GU 21269",N,miles
973,Aaron Moyer,709-36-0366,"1027 Carroll Harbors Suite 723
Blackmouth, FM 77875",Y,hours
974,Shawn Hernandez,023-01-7469,"2119 Tracey Canyon Apt. 705
Taylorview, MI 30754",N,hours
975,Kristi Walton,883-92-9805,"709 Maria Circle Suite 097
Harpermouth, SD 08486",Y,miles
976,Lee Koch,715-44-7089,"2470 James Burg
West Billchester, AZ 28035",N,miles
977,Cindy Hull,181-13-1272,"5480 Young Bridge Suite 017
Port Lisafurt, AS 46164",N,hours
978,Darlene Howard,476-60-9180,"2590 Kaitlyn Drive
East Jonathanshire, PW 59976",N,miles
979,Kathleen Rios,475-07-5123,"94057 Shelia Manors Apt. 073
Willisport, NE 84271",Y,miles
980,Valerie Munoz,239-31-3520,"37001 Kathryn Locks Apt. 572
Brooksland, DC 90657",Y,miles
981,Joshua Ferguson,322-80-9016,"6950 Kevin Course Suite 776
North Erik, CA 95492",N,miles
982,Christopher Allen,229-65-7558,"301 Acevedo Glens Suite 886
West John, AZ 79182",N,miles
983,Roy Lopez,264-32-5422,"0264 Charlotte Well
Port Lauren, AS 20308",Y,miles
984,Kyle Hart,728-02-9841,"01602 Patricia Course Suite 762
Roseport, AK 68330",N,miles
985,Jessica Armstrong,215-81-2276,"27640 Andrew Ford Apt. 454
West Sandra, SD 21616",N,hours
986,Kevin Evans,505-51-8814,"5098 James Points Suite 590
North Daniellefurt, FL 87807",Y,hours
987,Holly Chen,669-53-2741,"37551 Huffman Junctions Apt. 262
Amymouth, OK 54430",N,miles
988,Brett Bray,579-12-0506,"5378 Martin Glen Suite 645
West Christopherberg, MO 15041",N,hours
989,Sheena Young,179-62-8548,"6309 Bishop Mount Suite 437
Port Jameschester, CT 29899",Y,miles
990,Angela Peters,177-44-7818,"87968 Morales Fort Suite 168
South Linda, NE 85449",N,miles
991,Karen Maynard,702-95-9542,"423 Meadows Light
Lake Anthony, OH 85781",N,hours
992,Jennifer Weber,861-84-1579,"537 William Cliffs
South Larryhaven, ME 67391",Y,hours
993,Alexandra Murphy,140-33-6402,"701 Thomas Gateway
Emmaton, ME 76993",N,hours
994,Jessica Pineda,712-03-9798,"9562 Campbell Underpass
Lake Edwinside, OH 45210",N,miles
995,Donald Matthews,301-03-9156,"12708 Brooks Extensions
Smithland, ND 91895",Y,hours
996,Jennifer Lee,411-73-5026,"9461 Simmons Manors
Leahton, GU 61263",N,miles
997,Kara Fleming,316-18-3223,"1282 Michael Ways Apt. 936
Hayesfurt, CT 04594",N,miles
998,Debra Jackson,311-10-9149,"191 Tina Flat
Lake Barbara, MP 87398",Y,hours
999,Nicholas Jones,192-67-4383,"38013 Lucero Trafficway Apt. 751
Port Yvonne, NM 14930",Y,hours
1000,James Stokes,174-29-5581,"98068 Blake Plaza
Lake Deborah, NH 51441",Y,hours
1001,William Kelley,350-35-6417,"8077 Henderson Wall
South Andrew, TN 96460",Y,miles
1002,Christine Hudson,239-60-2193,"254 Bishop Ranch
West Scottfurt, WV 68815",Y,miles
1003,Tammie Mullins MD,176-58-8122,"5347 Rogers Place Apt. 783
West Alexander, NJ 48754",N,hours
1004,Shane Mathis,428-25-2971,"26581 Hunt Falls
Williamsside, VI 74730",N,hours
1005,Sydney Ray,578-40-4816,"9434 Elizabeth Course Apt. 362
Lake Karashire, AL 22670",Y,hours
1006,Wanda Lopez,535-04-6665,"80153 William Unions
New Kelli, IN 24976",Y,hours
1007,Tara Peterson,495-83-2687,"790 Watts Mission Apt. 947
Karenchester, OR 72991",Y,hours
1008,Eugene Hines,588-56-7120,"9572 Timothy Ville
Kingland, AL 15183",Y,miles
1009,Damon Porter,073-43-4812,"521 Cassandra Courts Apt. 353
Tommystad, MP 02788",Y,hours
